视频A顺序,视频B顺序,投票结果,视频A标题,视频B标题,视频A网站,视频B网站
1,5,1,the shock of 1914,all the plans fail,https://www.coursera.org/learn/modern-world-2/lecture/0HpB3/the-shock-of-1914,https://www.coursera.org/learn/modern-world-2/lecture/1mJ4S/all-the-plans-fail
1,6,1,the shock of 1914,on to victory,https://www.coursera.org/learn/modern-world-2/lecture/0HpB3/the-shock-of-1914,https://www.coursera.org/learn/modern-world-2/lecture/uzCWC/on-to-victory
1,7,1,the shock of 1914,total states,https://www.coursera.org/learn/modern-world-2/lecture/0HpB3/the-shock-of-1914,https://www.coursera.org/learn/modern-world-2/lecture/zHRKH/total-states
1,8,1,the shock of 1914,why did the allies win,https://www.coursera.org/learn/modern-world-2/lecture/0HpB3/the-shock-of-1914,https://www.coursera.org/learn/modern-world-2/lecture/4asZC/why-did-the-allies-win
1,11,0,the shock of 1914,anti communism,https://www.coursera.org/learn/modern-world-2/lecture/0HpB3/the-shock-of-1914,https://www.coursera.org/learn/modern-world-2/lecture/L103r/anti-communism
1,12,1,the shock of 1914,the age of uncertainty,https://www.coursera.org/learn/modern-world-2/lecture/0HpB3/the-shock-of-1914,https://www.coursera.org/learn/modern-world-2/lecture/6Z7AQ/the-age-of-uncertainty
1,13,0,the shock of 1914,modern women,https://www.coursera.org/learn/modern-world-2/lecture/0HpB3/the-shock-of-1914,https://www.coursera.org/learn/modern-world-2/lecture/O3yn2/modern-women
1,14,1,the shock of 1914,the world of 1930,https://www.coursera.org/learn/modern-world-2/lecture/0HpB3/the-shock-of-1914,https://www.coursera.org/learn/modern-world-2/lecture/RyCaf/the-world-of-1930
1,15,0,the shock of 1914,challenges to capitalism and collective security,https://www.coursera.org/learn/modern-world-2/lecture/0HpB3/the-shock-of-1914,https://www.coursera.org/learn/modern-world-2/lecture/mWxo9/challenges-to-capitalism-and-collective-security
1,16,0,the shock of 1914,escapes from freedom,https://www.coursera.org/learn/modern-world-2/lecture/0HpB3/the-shock-of-1914,https://www.coursera.org/learn/modern-world-2/lecture/yah93/escapes-from-freedom
1,17,0,the shock of 1914,total politics,https://www.coursera.org/learn/modern-world-2/lecture/0HpB3/the-shock-of-1914,https://www.coursera.org/learn/modern-world-2/lecture/PbE5Q/total-politics
1,18,0,the shock of 1914,new wars for new empires,https://www.coursera.org/learn/modern-world-2/lecture/0HpB3/the-shock-of-1914,https://www.coursera.org/learn/modern-world-2/lecture/wGfdc/new-wars-for-new-empires
1,21,0,the shock of 1914,gambling for victory,https://www.coursera.org/learn/modern-world-2/lecture/0HpB3/the-shock-of-1914,https://www.coursera.org/learn/modern-world-2/lecture/JxxR2/gambling-for-victory
1,22,0,the shock of 1914,strategies for total war,https://www.coursera.org/learn/modern-world-2/lecture/0HpB3/the-shock-of-1914,https://www.coursera.org/learn/modern-world-2/lecture/XQDSI/strategies-for-total-war
1,23,0,the shock of 1914,zero hour,https://www.coursera.org/learn/modern-world-2/lecture/0HpB3/the-shock-of-1914,https://www.coursera.org/learn/modern-world-2/lecture/KtIMl/zero-hour
1,24,0,the shock of 1914,imagining new countries,https://www.coursera.org/learn/modern-world-2/lecture/0HpB3/the-shock-of-1914,https://www.coursera.org/learn/modern-world-2/lecture/0Q8Jx/imagining-new-countries
1,25,0,the shock of 1914,postwar,https://www.coursera.org/learn/modern-world-2/lecture/0HpB3/the-shock-of-1914,https://www.coursera.org/learn/modern-world-2/lecture/MvvEo/postwar
1,26,0,the shock of 1914,two europes,https://www.coursera.org/learn/modern-world-2/lecture/0HpB3/the-shock-of-1914,https://www.coursera.org/learn/modern-world-2/lecture/ufWCN/two-europes
1,29,0,the shock of 1914,choosing war in korea,https://www.coursera.org/learn/modern-world-2/lecture/0HpB3/the-shock-of-1914,https://www.coursera.org/learn/modern-world-2/lecture/VieTw/choosing-war-in-korea
1,32,0,the shock of 1914,the nuclear revolution,https://www.coursera.org/learn/modern-world-2/lecture/0HpB3/the-shock-of-1914,https://www.coursera.org/learn/modern-world-2/lecture/vckU1/the-nuclear-revolution
1,33,0,the shock of 1914,new empires and confederations,https://www.coursera.org/learn/modern-world-2/lecture/0HpB3/the-shock-of-1914,https://www.coursera.org/learn/modern-world-2/lecture/GrYhD/new-empires-and-confederations
1,34,0,the shock of 1914,the third world,https://www.coursera.org/learn/modern-world-2/lecture/0HpB3/the-shock-of-1914,https://www.coursera.org/learn/modern-world-2/lecture/2Pcqj/the-third-world
1,35,0,the shock of 1914,to the brink,https://www.coursera.org/learn/modern-world-2/lecture/0HpB3/the-shock-of-1914,https://www.coursera.org/learn/modern-world-2/lecture/x3FDe/to-the-brink
1,36,0,the shock of 1914,wars of containment,https://www.coursera.org/learn/modern-world-2/lecture/0HpB3/the-shock-of-1914,https://www.coursera.org/learn/modern-world-2/lecture/ioucd/wars-of-containment
1,38,0,the shock of 1914,the weary establishment,https://www.coursera.org/learn/modern-world-2/lecture/0HpB3/the-shock-of-1914,https://www.coursera.org/learn/modern-world-2/lecture/rtuBE/the-weary-establishment
1,43,0,the shock of 1914,the end of the cold war,https://www.coursera.org/learn/modern-world-2/lecture/0HpB3/the-shock-of-1914,https://www.coursera.org/learn/modern-world-2/lecture/nDYXg/the-end-of-the-cold-war
1,45,0,the shock of 1914,toward a new era in world history,https://www.coursera.org/learn/modern-world-2/lecture/0HpB3/the-shock-of-1914,https://www.coursera.org/learn/modern-world-2/lecture/8LMac/toward-a-new-era-in-world-history
1,50,0,the shock of 1914,the global and the local,https://www.coursera.org/learn/modern-world-2/lecture/0HpB3/the-shock-of-1914,https://www.coursera.org/learn/modern-world-2/lecture/7evOd/the-global-and-the-local
1,51,1,the shock of 1914,an age of transition,https://www.coursera.org/learn/modern-world-2/lecture/0HpB3/the-shock-of-1914,https://www.coursera.org/learn/modern-world-2/lecture/2LHxa/an-age-of-transition
2,5,0,schizophrenic germany,all the plans fail,https://www.coursera.org/learn/modern-world-2/lecture/exOLl/schizophrenic-germany,https://www.coursera.org/learn/modern-world-2/lecture/1mJ4S/all-the-plans-fail
2,6,1,schizophrenic germany,on to victory,https://www.coursera.org/learn/modern-world-2/lecture/exOLl/schizophrenic-germany,https://www.coursera.org/learn/modern-world-2/lecture/uzCWC/on-to-victory
2,8,0,schizophrenic germany,why did the allies win,https://www.coursera.org/learn/modern-world-2/lecture/exOLl/schizophrenic-germany,https://www.coursera.org/learn/modern-world-2/lecture/4asZC/why-did-the-allies-win
2,11,0,schizophrenic germany,anti communism,https://www.coursera.org/learn/modern-world-2/lecture/exOLl/schizophrenic-germany,https://www.coursera.org/learn/modern-world-2/lecture/L103r/anti-communism
2,12,0,schizophrenic germany,the age of uncertainty,https://www.coursera.org/learn/modern-world-2/lecture/exOLl/schizophrenic-germany,https://www.coursera.org/learn/modern-world-2/lecture/6Z7AQ/the-age-of-uncertainty
2,13,0,schizophrenic germany,modern women,https://www.coursera.org/learn/modern-world-2/lecture/exOLl/schizophrenic-germany,https://www.coursera.org/learn/modern-world-2/lecture/O3yn2/modern-women
2,14,1,schizophrenic germany,the world of 1930,https://www.coursera.org/learn/modern-world-2/lecture/exOLl/schizophrenic-germany,https://www.coursera.org/learn/modern-world-2/lecture/RyCaf/the-world-of-1930
2,15,0,schizophrenic germany,challenges to capitalism and collective security,https://www.coursera.org/learn/modern-world-2/lecture/exOLl/schizophrenic-germany,https://www.coursera.org/learn/modern-world-2/lecture/mWxo9/challenges-to-capitalism-and-collective-security
2,16,1,schizophrenic germany,escapes from freedom,https://www.coursera.org/learn/modern-world-2/lecture/exOLl/schizophrenic-germany,https://www.coursera.org/learn/modern-world-2/lecture/yah93/escapes-from-freedom
2,17,0,schizophrenic germany,total politics,https://www.coursera.org/learn/modern-world-2/lecture/exOLl/schizophrenic-germany,https://www.coursera.org/learn/modern-world-2/lecture/PbE5Q/total-politics
2,18,0,schizophrenic germany,new wars for new empires,https://www.coursera.org/learn/modern-world-2/lecture/exOLl/schizophrenic-germany,https://www.coursera.org/learn/modern-world-2/lecture/wGfdc/new-wars-for-new-empires
2,21,0,schizophrenic germany,gambling for victory,https://www.coursera.org/learn/modern-world-2/lecture/exOLl/schizophrenic-germany,https://www.coursera.org/learn/modern-world-2/lecture/JxxR2/gambling-for-victory
2,22,0,schizophrenic germany,strategies for total war,https://www.coursera.org/learn/modern-world-2/lecture/exOLl/schizophrenic-germany,https://www.coursera.org/learn/modern-world-2/lecture/XQDSI/strategies-for-total-war
2,23,0,schizophrenic germany,zero hour,https://www.coursera.org/learn/modern-world-2/lecture/exOLl/schizophrenic-germany,https://www.coursera.org/learn/modern-world-2/lecture/KtIMl/zero-hour
2,24,0,schizophrenic germany,imagining new countries,https://www.coursera.org/learn/modern-world-2/lecture/exOLl/schizophrenic-germany,https://www.coursera.org/learn/modern-world-2/lecture/0Q8Jx/imagining-new-countries
2,25,0,schizophrenic germany,postwar,https://www.coursera.org/learn/modern-world-2/lecture/exOLl/schizophrenic-germany,https://www.coursera.org/learn/modern-world-2/lecture/MvvEo/postwar
2,26,1,schizophrenic germany,two europes,https://www.coursera.org/learn/modern-world-2/lecture/exOLl/schizophrenic-germany,https://www.coursera.org/learn/modern-world-2/lecture/ufWCN/two-europes
2,28,0,schizophrenic germany,the age of the americans,https://www.coursera.org/learn/modern-world-2/lecture/exOLl/schizophrenic-germany,https://www.coursera.org/learn/modern-world-2/lecture/0gCBs/the-age-of-the-americans
2,32,0,schizophrenic germany,the nuclear revolution,https://www.coursera.org/learn/modern-world-2/lecture/exOLl/schizophrenic-germany,https://www.coursera.org/learn/modern-world-2/lecture/vckU1/the-nuclear-revolution
2,33,0,schizophrenic germany,new empires and confederations,https://www.coursera.org/learn/modern-world-2/lecture/exOLl/schizophrenic-germany,https://www.coursera.org/learn/modern-world-2/lecture/GrYhD/new-empires-and-confederations
2,35,0,schizophrenic germany,to the brink,https://www.coursera.org/learn/modern-world-2/lecture/exOLl/schizophrenic-germany,https://www.coursera.org/learn/modern-world-2/lecture/x3FDe/to-the-brink
2,36,0,schizophrenic germany,wars of containment,https://www.coursera.org/learn/modern-world-2/lecture/exOLl/schizophrenic-germany,https://www.coursera.org/learn/modern-world-2/lecture/ioucd/wars-of-containment
2,38,0,schizophrenic germany,the weary establishment,https://www.coursera.org/learn/modern-world-2/lecture/exOLl/schizophrenic-germany,https://www.coursera.org/learn/modern-world-2/lecture/rtuBE/the-weary-establishment
2,43,1,schizophrenic germany,the end of the cold war,https://www.coursera.org/learn/modern-world-2/lecture/exOLl/schizophrenic-germany,https://www.coursera.org/learn/modern-world-2/lecture/nDYXg/the-end-of-the-cold-war
2,45,0,schizophrenic germany,toward a new era in world history,https://www.coursera.org/learn/modern-world-2/lecture/exOLl/schizophrenic-germany,https://www.coursera.org/learn/modern-world-2/lecture/8LMac/toward-a-new-era-in-world-history
2,50,0,schizophrenic germany,the global and the local,https://www.coursera.org/learn/modern-world-2/lecture/exOLl/schizophrenic-germany,https://www.coursera.org/learn/modern-world-2/lecture/7evOd/the-global-and-the-local
2,51,0,schizophrenic germany,an age of transition,https://www.coursera.org/learn/modern-world-2/lecture/exOLl/schizophrenic-germany,https://www.coursera.org/learn/modern-world-2/lecture/2LHxa/an-age-of-transition
5,6,1,all the plans fail,on to victory,https://www.coursera.org/learn/modern-world-2/lecture/1mJ4S/all-the-plans-fail,https://www.coursera.org/learn/modern-world-2/lecture/uzCWC/on-to-victory
5,7,1,all the plans fail,total states,https://www.coursera.org/learn/modern-world-2/lecture/1mJ4S/all-the-plans-fail,https://www.coursera.org/learn/modern-world-2/lecture/zHRKH/total-states
5,8,1,all the plans fail,why did the allies win,https://www.coursera.org/learn/modern-world-2/lecture/1mJ4S/all-the-plans-fail,https://www.coursera.org/learn/modern-world-2/lecture/4asZC/why-did-the-allies-win
5,11,0,all the plans fail,anti communism,https://www.coursera.org/learn/modern-world-2/lecture/1mJ4S/all-the-plans-fail,https://www.coursera.org/learn/modern-world-2/lecture/L103r/anti-communism
5,12,1,all the plans fail,the age of uncertainty,https://www.coursera.org/learn/modern-world-2/lecture/1mJ4S/all-the-plans-fail,https://www.coursera.org/learn/modern-world-2/lecture/6Z7AQ/the-age-of-uncertainty
5,13,0,all the plans fail,modern women,https://www.coursera.org/learn/modern-world-2/lecture/1mJ4S/all-the-plans-fail,https://www.coursera.org/learn/modern-world-2/lecture/O3yn2/modern-women
5,14,0,all the plans fail,the world of 1930,https://www.coursera.org/learn/modern-world-2/lecture/1mJ4S/all-the-plans-fail,https://www.coursera.org/learn/modern-world-2/lecture/RyCaf/the-world-of-1930
5,15,0,all the plans fail,challenges to capitalism and collective security,https://www.coursera.org/learn/modern-world-2/lecture/1mJ4S/all-the-plans-fail,https://www.coursera.org/learn/modern-world-2/lecture/mWxo9/challenges-to-capitalism-and-collective-security
5,16,0,all the plans fail,escapes from freedom,https://www.coursera.org/learn/modern-world-2/lecture/1mJ4S/all-the-plans-fail,https://www.coursera.org/learn/modern-world-2/lecture/yah93/escapes-from-freedom
5,17,0,all the plans fail,total politics,https://www.coursera.org/learn/modern-world-2/lecture/1mJ4S/all-the-plans-fail,https://www.coursera.org/learn/modern-world-2/lecture/PbE5Q/total-politics
5,18,0,all the plans fail,new wars for new empires,https://www.coursera.org/learn/modern-world-2/lecture/1mJ4S/all-the-plans-fail,https://www.coursera.org/learn/modern-world-2/lecture/wGfdc/new-wars-for-new-empires
5,21,0,all the plans fail,gambling for victory,https://www.coursera.org/learn/modern-world-2/lecture/1mJ4S/all-the-plans-fail,https://www.coursera.org/learn/modern-world-2/lecture/JxxR2/gambling-for-victory
5,22,0,all the plans fail,strategies for total war,https://www.coursera.org/learn/modern-world-2/lecture/1mJ4S/all-the-plans-fail,https://www.coursera.org/learn/modern-world-2/lecture/XQDSI/strategies-for-total-war
5,23,0,all the plans fail,zero hour,https://www.coursera.org/learn/modern-world-2/lecture/1mJ4S/all-the-plans-fail,https://www.coursera.org/learn/modern-world-2/lecture/KtIMl/zero-hour
5,24,0,all the plans fail,imagining new countries,https://www.coursera.org/learn/modern-world-2/lecture/1mJ4S/all-the-plans-fail,https://www.coursera.org/learn/modern-world-2/lecture/0Q8Jx/imagining-new-countries
5,25,0,all the plans fail,postwar,https://www.coursera.org/learn/modern-world-2/lecture/1mJ4S/all-the-plans-fail,https://www.coursera.org/learn/modern-world-2/lecture/MvvEo/postwar
5,26,0,all the plans fail,two europes,https://www.coursera.org/learn/modern-world-2/lecture/1mJ4S/all-the-plans-fail,https://www.coursera.org/learn/modern-world-2/lecture/ufWCN/two-europes
5,28,0,all the plans fail,the age of the americans,https://www.coursera.org/learn/modern-world-2/lecture/1mJ4S/all-the-plans-fail,https://www.coursera.org/learn/modern-world-2/lecture/0gCBs/the-age-of-the-americans
5,29,0,all the plans fail,choosing war in korea,https://www.coursera.org/learn/modern-world-2/lecture/1mJ4S/all-the-plans-fail,https://www.coursera.org/learn/modern-world-2/lecture/VieTw/choosing-war-in-korea
5,32,0,all the plans fail,the nuclear revolution,https://www.coursera.org/learn/modern-world-2/lecture/1mJ4S/all-the-plans-fail,https://www.coursera.org/learn/modern-world-2/lecture/vckU1/the-nuclear-revolution
5,33,0,all the plans fail,new empires and confederations,https://www.coursera.org/learn/modern-world-2/lecture/1mJ4S/all-the-plans-fail,https://www.coursera.org/learn/modern-world-2/lecture/GrYhD/new-empires-and-confederations
5,34,0,all the plans fail,the third world,https://www.coursera.org/learn/modern-world-2/lecture/1mJ4S/all-the-plans-fail,https://www.coursera.org/learn/modern-world-2/lecture/2Pcqj/the-third-world
5,35,0,all the plans fail,to the brink,https://www.coursera.org/learn/modern-world-2/lecture/1mJ4S/all-the-plans-fail,https://www.coursera.org/learn/modern-world-2/lecture/x3FDe/to-the-brink
5,36,0,all the plans fail,wars of containment,https://www.coursera.org/learn/modern-world-2/lecture/1mJ4S/all-the-plans-fail,https://www.coursera.org/learn/modern-world-2/lecture/ioucd/wars-of-containment
5,38,0,all the plans fail,the weary establishment,https://www.coursera.org/learn/modern-world-2/lecture/1mJ4S/all-the-plans-fail,https://www.coursera.org/learn/modern-world-2/lecture/rtuBE/the-weary-establishment
5,43,0,all the plans fail,the end of the cold war,https://www.coursera.org/learn/modern-world-2/lecture/1mJ4S/all-the-plans-fail,https://www.coursera.org/learn/modern-world-2/lecture/nDYXg/the-end-of-the-cold-war
5,45,0,all the plans fail,toward a new era in world history,https://www.coursera.org/learn/modern-world-2/lecture/1mJ4S/all-the-plans-fail,https://www.coursera.org/learn/modern-world-2/lecture/8LMac/toward-a-new-era-in-world-history
5,50,0,all the plans fail,the global and the local,https://www.coursera.org/learn/modern-world-2/lecture/1mJ4S/all-the-plans-fail,https://www.coursera.org/learn/modern-world-2/lecture/7evOd/the-global-and-the-local
5,51,0,all the plans fail,an age of transition,https://www.coursera.org/learn/modern-world-2/lecture/1mJ4S/all-the-plans-fail,https://www.coursera.org/learn/modern-world-2/lecture/2LHxa/an-age-of-transition
6,7,1,on to victory,total states,https://www.coursera.org/learn/modern-world-2/lecture/uzCWC/on-to-victory,https://www.coursera.org/learn/modern-world-2/lecture/zHRKH/total-states
6,8,1,on to victory,why did the allies win,https://www.coursera.org/learn/modern-world-2/lecture/uzCWC/on-to-victory,https://www.coursera.org/learn/modern-world-2/lecture/4asZC/why-did-the-allies-win
6,11,0,on to victory,anti communism,https://www.coursera.org/learn/modern-world-2/lecture/uzCWC/on-to-victory,https://www.coursera.org/learn/modern-world-2/lecture/L103r/anti-communism
6,12,1,on to victory,the age of uncertainty,https://www.coursera.org/learn/modern-world-2/lecture/uzCWC/on-to-victory,https://www.coursera.org/learn/modern-world-2/lecture/6Z7AQ/the-age-of-uncertainty
6,13,1,on to victory,modern women,https://www.coursera.org/learn/modern-world-2/lecture/uzCWC/on-to-victory,https://www.coursera.org/learn/modern-world-2/lecture/O3yn2/modern-women
6,14,0,on to victory,the world of 1930,https://www.coursera.org/learn/modern-world-2/lecture/uzCWC/on-to-victory,https://www.coursera.org/learn/modern-world-2/lecture/RyCaf/the-world-of-1930
6,15,0,on to victory,challenges to capitalism and collective security,https://www.coursera.org/learn/modern-world-2/lecture/uzCWC/on-to-victory,https://www.coursera.org/learn/modern-world-2/lecture/mWxo9/challenges-to-capitalism-and-collective-security
6,16,0,on to victory,escapes from freedom,https://www.coursera.org/learn/modern-world-2/lecture/uzCWC/on-to-victory,https://www.coursera.org/learn/modern-world-2/lecture/yah93/escapes-from-freedom
6,17,0,on to victory,total politics,https://www.coursera.org/learn/modern-world-2/lecture/uzCWC/on-to-victory,https://www.coursera.org/learn/modern-world-2/lecture/PbE5Q/total-politics
6,18,0,on to victory,new wars for new empires,https://www.coursera.org/learn/modern-world-2/lecture/uzCWC/on-to-victory,https://www.coursera.org/learn/modern-world-2/lecture/wGfdc/new-wars-for-new-empires
6,25,0,on to victory,postwar,https://www.coursera.org/learn/modern-world-2/lecture/uzCWC/on-to-victory,https://www.coursera.org/learn/modern-world-2/lecture/MvvEo/postwar
6,26,0,on to victory,two europes,https://www.coursera.org/learn/modern-world-2/lecture/uzCWC/on-to-victory,https://www.coursera.org/learn/modern-world-2/lecture/ufWCN/two-europes
6,28,0,on to victory,the age of the americans,https://www.coursera.org/learn/modern-world-2/lecture/uzCWC/on-to-victory,https://www.coursera.org/learn/modern-world-2/lecture/0gCBs/the-age-of-the-americans
6,29,0,on to victory,choosing war in korea,https://www.coursera.org/learn/modern-world-2/lecture/uzCWC/on-to-victory,https://www.coursera.org/learn/modern-world-2/lecture/VieTw/choosing-war-in-korea
6,32,0,on to victory,the nuclear revolution,https://www.coursera.org/learn/modern-world-2/lecture/uzCWC/on-to-victory,https://www.coursera.org/learn/modern-world-2/lecture/vckU1/the-nuclear-revolution
6,34,0,on to victory,the third world,https://www.coursera.org/learn/modern-world-2/lecture/uzCWC/on-to-victory,https://www.coursera.org/learn/modern-world-2/lecture/2Pcqj/the-third-world
6,35,0,on to victory,to the brink,https://www.coursera.org/learn/modern-world-2/lecture/uzCWC/on-to-victory,https://www.coursera.org/learn/modern-world-2/lecture/x3FDe/to-the-brink
6,36,0,on to victory,wars of containment,https://www.coursera.org/learn/modern-world-2/lecture/uzCWC/on-to-victory,https://www.coursera.org/learn/modern-world-2/lecture/ioucd/wars-of-containment
6,38,0,on to victory,the weary establishment,https://www.coursera.org/learn/modern-world-2/lecture/uzCWC/on-to-victory,https://www.coursera.org/learn/modern-world-2/lecture/rtuBE/the-weary-establishment
6,43,0,on to victory,the end of the cold war,https://www.coursera.org/learn/modern-world-2/lecture/uzCWC/on-to-victory,https://www.coursera.org/learn/modern-world-2/lecture/nDYXg/the-end-of-the-cold-war
6,45,0,on to victory,toward a new era in world history,https://www.coursera.org/learn/modern-world-2/lecture/uzCWC/on-to-victory,https://www.coursera.org/learn/modern-world-2/lecture/8LMac/toward-a-new-era-in-world-history
7,8,1,total states,why did the allies win,https://www.coursera.org/learn/modern-world-2/lecture/zHRKH/total-states,https://www.coursera.org/learn/modern-world-2/lecture/4asZC/why-did-the-allies-win
7,12,1,total states,the age of uncertainty,https://www.coursera.org/learn/modern-world-2/lecture/zHRKH/total-states,https://www.coursera.org/learn/modern-world-2/lecture/6Z7AQ/the-age-of-uncertainty
7,13,0,total states,modern women,https://www.coursera.org/learn/modern-world-2/lecture/zHRKH/total-states,https://www.coursera.org/learn/modern-world-2/lecture/O3yn2/modern-women
7,14,1,total states,the world of 1930,https://www.coursera.org/learn/modern-world-2/lecture/zHRKH/total-states,https://www.coursera.org/learn/modern-world-2/lecture/RyCaf/the-world-of-1930
7,15,0,total states,challenges to capitalism and collective security,https://www.coursera.org/learn/modern-world-2/lecture/zHRKH/total-states,https://www.coursera.org/learn/modern-world-2/lecture/mWxo9/challenges-to-capitalism-and-collective-security
7,16,0,total states,escapes from freedom,https://www.coursera.org/learn/modern-world-2/lecture/zHRKH/total-states,https://www.coursera.org/learn/modern-world-2/lecture/yah93/escapes-from-freedom
7,17,0,total states,total politics,https://www.coursera.org/learn/modern-world-2/lecture/zHRKH/total-states,https://www.coursera.org/learn/modern-world-2/lecture/PbE5Q/total-politics
7,18,0,total states,new wars for new empires,https://www.coursera.org/learn/modern-world-2/lecture/zHRKH/total-states,https://www.coursera.org/learn/modern-world-2/lecture/wGfdc/new-wars-for-new-empires
7,21,0,total states,gambling for victory,https://www.coursera.org/learn/modern-world-2/lecture/zHRKH/total-states,https://www.coursera.org/learn/modern-world-2/lecture/JxxR2/gambling-for-victory
7,22,0,total states,strategies for total war,https://www.coursera.org/learn/modern-world-2/lecture/zHRKH/total-states,https://www.coursera.org/learn/modern-world-2/lecture/XQDSI/strategies-for-total-war
7,24,0,total states,imagining new countries,https://www.coursera.org/learn/modern-world-2/lecture/zHRKH/total-states,https://www.coursera.org/learn/modern-world-2/lecture/0Q8Jx/imagining-new-countries
7,25,0,total states,postwar,https://www.coursera.org/learn/modern-world-2/lecture/zHRKH/total-states,https://www.coursera.org/learn/modern-world-2/lecture/MvvEo/postwar
7,26,0,total states,two europes,https://www.coursera.org/learn/modern-world-2/lecture/zHRKH/total-states,https://www.coursera.org/learn/modern-world-2/lecture/ufWCN/two-europes
7,28,0,total states,the age of the americans,https://www.coursera.org/learn/modern-world-2/lecture/zHRKH/total-states,https://www.coursera.org/learn/modern-world-2/lecture/0gCBs/the-age-of-the-americans
7,32,0,total states,the nuclear revolution,https://www.coursera.org/learn/modern-world-2/lecture/zHRKH/total-states,https://www.coursera.org/learn/modern-world-2/lecture/vckU1/the-nuclear-revolution
7,33,0,total states,new empires and confederations,https://www.coursera.org/learn/modern-world-2/lecture/zHRKH/total-states,https://www.coursera.org/learn/modern-world-2/lecture/GrYhD/new-empires-and-confederations
7,35,0,total states,to the brink,https://www.coursera.org/learn/modern-world-2/lecture/zHRKH/total-states,https://www.coursera.org/learn/modern-world-2/lecture/x3FDe/to-the-brink
7,36,0,total states,wars of containment,https://www.coursera.org/learn/modern-world-2/lecture/zHRKH/total-states,https://www.coursera.org/learn/modern-world-2/lecture/ioucd/wars-of-containment
7,38,0,total states,the weary establishment,https://www.coursera.org/learn/modern-world-2/lecture/zHRKH/total-states,https://www.coursera.org/learn/modern-world-2/lecture/rtuBE/the-weary-establishment
7,43,0,total states,the end of the cold war,https://www.coursera.org/learn/modern-world-2/lecture/zHRKH/total-states,https://www.coursera.org/learn/modern-world-2/lecture/nDYXg/the-end-of-the-cold-war
7,45,0,total states,toward a new era in world history,https://www.coursera.org/learn/modern-world-2/lecture/zHRKH/total-states,https://www.coursera.org/learn/modern-world-2/lecture/8LMac/toward-a-new-era-in-world-history
7,51,0,total states,an age of transition,https://www.coursera.org/learn/modern-world-2/lecture/zHRKH/total-states,https://www.coursera.org/learn/modern-world-2/lecture/2LHxa/an-age-of-transition
8,11,0,why did the allies win,anti communism,https://www.coursera.org/learn/modern-world-2/lecture/4asZC/why-did-the-allies-win,https://www.coursera.org/learn/modern-world-2/lecture/L103r/anti-communism
8,12,0,why did the allies win,the age of uncertainty,https://www.coursera.org/learn/modern-world-2/lecture/4asZC/why-did-the-allies-win,https://www.coursera.org/learn/modern-world-2/lecture/6Z7AQ/the-age-of-uncertainty
8,13,0,why did the allies win,modern women,https://www.coursera.org/learn/modern-world-2/lecture/4asZC/why-did-the-allies-win,https://www.coursera.org/learn/modern-world-2/lecture/O3yn2/modern-women
8,14,1,why did the allies win,the world of 1930,https://www.coursera.org/learn/modern-world-2/lecture/4asZC/why-did-the-allies-win,https://www.coursera.org/learn/modern-world-2/lecture/RyCaf/the-world-of-1930
8,15,0,why did the allies win,challenges to capitalism and collective security,https://www.coursera.org/learn/modern-world-2/lecture/4asZC/why-did-the-allies-win,https://www.coursera.org/learn/modern-world-2/lecture/mWxo9/challenges-to-capitalism-and-collective-security
8,16,0,why did the allies win,escapes from freedom,https://www.coursera.org/learn/modern-world-2/lecture/4asZC/why-did-the-allies-win,https://www.coursera.org/learn/modern-world-2/lecture/yah93/escapes-from-freedom
8,17,0,why did the allies win,total politics,https://www.coursera.org/learn/modern-world-2/lecture/4asZC/why-did-the-allies-win,https://www.coursera.org/learn/modern-world-2/lecture/PbE5Q/total-politics
8,18,0,why did the allies win,new wars for new empires,https://www.coursera.org/learn/modern-world-2/lecture/4asZC/why-did-the-allies-win,https://www.coursera.org/learn/modern-world-2/lecture/wGfdc/new-wars-for-new-empires
8,21,0,why did the allies win,gambling for victory,https://www.coursera.org/learn/modern-world-2/lecture/4asZC/why-did-the-allies-win,https://www.coursera.org/learn/modern-world-2/lecture/JxxR2/gambling-for-victory
8,22,0,why did the allies win,strategies for total war,https://www.coursera.org/learn/modern-world-2/lecture/4asZC/why-did-the-allies-win,https://www.coursera.org/learn/modern-world-2/lecture/XQDSI/strategies-for-total-war
8,23,0,why did the allies win,zero hour,https://www.coursera.org/learn/modern-world-2/lecture/4asZC/why-did-the-allies-win,https://www.coursera.org/learn/modern-world-2/lecture/KtIMl/zero-hour
8,24,0,why did the allies win,imagining new countries,https://www.coursera.org/learn/modern-world-2/lecture/4asZC/why-did-the-allies-win,https://www.coursera.org/learn/modern-world-2/lecture/0Q8Jx/imagining-new-countries
8,25,0,why did the allies win,postwar,https://www.coursera.org/learn/modern-world-2/lecture/4asZC/why-did-the-allies-win,https://www.coursera.org/learn/modern-world-2/lecture/MvvEo/postwar
8,26,0,why did the allies win,two europes,https://www.coursera.org/learn/modern-world-2/lecture/4asZC/why-did-the-allies-win,https://www.coursera.org/learn/modern-world-2/lecture/ufWCN/two-europes
8,28,0,why did the allies win,the age of the americans,https://www.coursera.org/learn/modern-world-2/lecture/4asZC/why-did-the-allies-win,https://www.coursera.org/learn/modern-world-2/lecture/0gCBs/the-age-of-the-americans
8,29,0,why did the allies win,choosing war in korea,https://www.coursera.org/learn/modern-world-2/lecture/4asZC/why-did-the-allies-win,https://www.coursera.org/learn/modern-world-2/lecture/VieTw/choosing-war-in-korea
8,32,0,why did the allies win,the nuclear revolution,https://www.coursera.org/learn/modern-world-2/lecture/4asZC/why-did-the-allies-win,https://www.coursera.org/learn/modern-world-2/lecture/vckU1/the-nuclear-revolution
8,33,0,why did the allies win,new empires and confederations,https://www.coursera.org/learn/modern-world-2/lecture/4asZC/why-did-the-allies-win,https://www.coursera.org/learn/modern-world-2/lecture/GrYhD/new-empires-and-confederations
8,34,0,why did the allies win,the third world,https://www.coursera.org/learn/modern-world-2/lecture/4asZC/why-did-the-allies-win,https://www.coursera.org/learn/modern-world-2/lecture/2Pcqj/the-third-world
8,36,0,why did the allies win,wars of containment,https://www.coursera.org/learn/modern-world-2/lecture/4asZC/why-did-the-allies-win,https://www.coursera.org/learn/modern-world-2/lecture/ioucd/wars-of-containment
8,38,0,why did the allies win,the weary establishment,https://www.coursera.org/learn/modern-world-2/lecture/4asZC/why-did-the-allies-win,https://www.coursera.org/learn/modern-world-2/lecture/rtuBE/the-weary-establishment
8,43,0,why did the allies win,the end of the cold war,https://www.coursera.org/learn/modern-world-2/lecture/4asZC/why-did-the-allies-win,https://www.coursera.org/learn/modern-world-2/lecture/nDYXg/the-end-of-the-cold-war
8,45,0,why did the allies win,toward a new era in world history,https://www.coursera.org/learn/modern-world-2/lecture/4asZC/why-did-the-allies-win,https://www.coursera.org/learn/modern-world-2/lecture/8LMac/toward-a-new-era-in-world-history
8,50,0,why did the allies win,the global and the local,https://www.coursera.org/learn/modern-world-2/lecture/4asZC/why-did-the-allies-win,https://www.coursera.org/learn/modern-world-2/lecture/7evOd/the-global-and-the-local
8,51,0,why did the allies win,an age of transition,https://www.coursera.org/learn/modern-world-2/lecture/4asZC/why-did-the-allies-win,https://www.coursera.org/learn/modern-world-2/lecture/2LHxa/an-age-of-transition
11,12,1,anti communism,the age of uncertainty,https://www.coursera.org/learn/modern-world-2/lecture/L103r/anti-communism,https://www.coursera.org/learn/modern-world-2/lecture/6Z7AQ/the-age-of-uncertainty
11,13,0,anti communism,modern women,https://www.coursera.org/learn/modern-world-2/lecture/L103r/anti-communism,https://www.coursera.org/learn/modern-world-2/lecture/O3yn2/modern-women
11,14,0,anti communism,the world of 1930,https://www.coursera.org/learn/modern-world-2/lecture/L103r/anti-communism,https://www.coursera.org/learn/modern-world-2/lecture/RyCaf/the-world-of-1930
11,15,0,anti communism,challenges to capitalism and collective security,https://www.coursera.org/learn/modern-world-2/lecture/L103r/anti-communism,https://www.coursera.org/learn/modern-world-2/lecture/mWxo9/challenges-to-capitalism-and-collective-security
11,17,0,anti communism,total politics,https://www.coursera.org/learn/modern-world-2/lecture/L103r/anti-communism,https://www.coursera.org/learn/modern-world-2/lecture/PbE5Q/total-politics
11,18,0,anti communism,new wars for new empires,https://www.coursera.org/learn/modern-world-2/lecture/L103r/anti-communism,https://www.coursera.org/learn/modern-world-2/lecture/wGfdc/new-wars-for-new-empires
11,21,0,anti communism,gambling for victory,https://www.coursera.org/learn/modern-world-2/lecture/L103r/anti-communism,https://www.coursera.org/learn/modern-world-2/lecture/JxxR2/gambling-for-victory
11,22,0,anti communism,strategies for total war,https://www.coursera.org/learn/modern-world-2/lecture/L103r/anti-communism,https://www.coursera.org/learn/modern-world-2/lecture/XQDSI/strategies-for-total-war
11,24,1,anti communism,imagining new countries,https://www.coursera.org/learn/modern-world-2/lecture/L103r/anti-communism,https://www.coursera.org/learn/modern-world-2/lecture/0Q8Jx/imagining-new-countries
11,25,1,anti communism,postwar,https://www.coursera.org/learn/modern-world-2/lecture/L103r/anti-communism,https://www.coursera.org/learn/modern-world-2/lecture/MvvEo/postwar
11,26,0,anti communism,two europes,https://www.coursera.org/learn/modern-world-2/lecture/L103r/anti-communism,https://www.coursera.org/learn/modern-world-2/lecture/ufWCN/two-europes
11,28,0,anti communism,the age of the americans,https://www.coursera.org/learn/modern-world-2/lecture/L103r/anti-communism,https://www.coursera.org/learn/modern-world-2/lecture/0gCBs/the-age-of-the-americans
11,29,0,anti communism,choosing war in korea,https://www.coursera.org/learn/modern-world-2/lecture/L103r/anti-communism,https://www.coursera.org/learn/modern-world-2/lecture/VieTw/choosing-war-in-korea
11,32,0,anti communism,the nuclear revolution,https://www.coursera.org/learn/modern-world-2/lecture/L103r/anti-communism,https://www.coursera.org/learn/modern-world-2/lecture/vckU1/the-nuclear-revolution
11,33,1,anti communism,new empires and confederations,https://www.coursera.org/learn/modern-world-2/lecture/L103r/anti-communism,https://www.coursera.org/learn/modern-world-2/lecture/GrYhD/new-empires-and-confederations
11,34,0,anti communism,the third world,https://www.coursera.org/learn/modern-world-2/lecture/L103r/anti-communism,https://www.coursera.org/learn/modern-world-2/lecture/2Pcqj/the-third-world
11,35,0,anti communism,to the brink,https://www.coursera.org/learn/modern-world-2/lecture/L103r/anti-communism,https://www.coursera.org/learn/modern-world-2/lecture/x3FDe/to-the-brink
11,36,0,anti communism,wars of containment,https://www.coursera.org/learn/modern-world-2/lecture/L103r/anti-communism,https://www.coursera.org/learn/modern-world-2/lecture/ioucd/wars-of-containment
11,45,0,anti communism,toward a new era in world history,https://www.coursera.org/learn/modern-world-2/lecture/L103r/anti-communism,https://www.coursera.org/learn/modern-world-2/lecture/8LMac/toward-a-new-era-in-world-history
11,51,0,anti communism,an age of transition,https://www.coursera.org/learn/modern-world-2/lecture/L103r/anti-communism,https://www.coursera.org/learn/modern-world-2/lecture/2LHxa/an-age-of-transition
12,13,1,the age of uncertainty,modern women,https://www.coursera.org/learn/modern-world-2/lecture/6Z7AQ/the-age-of-uncertainty,https://www.coursera.org/learn/modern-world-2/lecture/O3yn2/modern-women
12,14,1,the age of uncertainty,the world of 1930,https://www.coursera.org/learn/modern-world-2/lecture/6Z7AQ/the-age-of-uncertainty,https://www.coursera.org/learn/modern-world-2/lecture/RyCaf/the-world-of-1930
12,15,0,the age of uncertainty,challenges to capitalism and collective security,https://www.coursera.org/learn/modern-world-2/lecture/6Z7AQ/the-age-of-uncertainty,https://www.coursera.org/learn/modern-world-2/lecture/mWxo9/challenges-to-capitalism-and-collective-security
12,17,1,the age of uncertainty,total politics,https://www.coursera.org/learn/modern-world-2/lecture/6Z7AQ/the-age-of-uncertainty,https://www.coursera.org/learn/modern-world-2/lecture/PbE5Q/total-politics
12,18,0,the age of uncertainty,new wars for new empires,https://www.coursera.org/learn/modern-world-2/lecture/6Z7AQ/the-age-of-uncertainty,https://www.coursera.org/learn/modern-world-2/lecture/wGfdc/new-wars-for-new-empires
12,21,0,the age of uncertainty,gambling for victory,https://www.coursera.org/learn/modern-world-2/lecture/6Z7AQ/the-age-of-uncertainty,https://www.coursera.org/learn/modern-world-2/lecture/JxxR2/gambling-for-victory
12,22,0,the age of uncertainty,strategies for total war,https://www.coursera.org/learn/modern-world-2/lecture/6Z7AQ/the-age-of-uncertainty,https://www.coursera.org/learn/modern-world-2/lecture/XQDSI/strategies-for-total-war
12,23,0,the age of uncertainty,zero hour,https://www.coursera.org/learn/modern-world-2/lecture/6Z7AQ/the-age-of-uncertainty,https://www.coursera.org/learn/modern-world-2/lecture/KtIMl/zero-hour
12,25,0,the age of uncertainty,postwar,https://www.coursera.org/learn/modern-world-2/lecture/6Z7AQ/the-age-of-uncertainty,https://www.coursera.org/learn/modern-world-2/lecture/MvvEo/postwar
12,26,0,the age of uncertainty,two europes,https://www.coursera.org/learn/modern-world-2/lecture/6Z7AQ/the-age-of-uncertainty,https://www.coursera.org/learn/modern-world-2/lecture/ufWCN/two-europes
12,28,0,the age of uncertainty,the age of the americans,https://www.coursera.org/learn/modern-world-2/lecture/6Z7AQ/the-age-of-uncertainty,https://www.coursera.org/learn/modern-world-2/lecture/0gCBs/the-age-of-the-americans
12,29,0,the age of uncertainty,choosing war in korea,https://www.coursera.org/learn/modern-world-2/lecture/6Z7AQ/the-age-of-uncertainty,https://www.coursera.org/learn/modern-world-2/lecture/VieTw/choosing-war-in-korea
12,32,0,the age of uncertainty,the nuclear revolution,https://www.coursera.org/learn/modern-world-2/lecture/6Z7AQ/the-age-of-uncertainty,https://www.coursera.org/learn/modern-world-2/lecture/vckU1/the-nuclear-revolution
12,33,0,the age of uncertainty,new empires and confederations,https://www.coursera.org/learn/modern-world-2/lecture/6Z7AQ/the-age-of-uncertainty,https://www.coursera.org/learn/modern-world-2/lecture/GrYhD/new-empires-and-confederations
12,34,0,the age of uncertainty,the third world,https://www.coursera.org/learn/modern-world-2/lecture/6Z7AQ/the-age-of-uncertainty,https://www.coursera.org/learn/modern-world-2/lecture/2Pcqj/the-third-world
12,35,0,the age of uncertainty,to the brink,https://www.coursera.org/learn/modern-world-2/lecture/6Z7AQ/the-age-of-uncertainty,https://www.coursera.org/learn/modern-world-2/lecture/x3FDe/to-the-brink
12,36,0,the age of uncertainty,wars of containment,https://www.coursera.org/learn/modern-world-2/lecture/6Z7AQ/the-age-of-uncertainty,https://www.coursera.org/learn/modern-world-2/lecture/ioucd/wars-of-containment
12,38,0,the age of uncertainty,the weary establishment,https://www.coursera.org/learn/modern-world-2/lecture/6Z7AQ/the-age-of-uncertainty,https://www.coursera.org/learn/modern-world-2/lecture/rtuBE/the-weary-establishment
12,43,0,the age of uncertainty,the end of the cold war,https://www.coursera.org/learn/modern-world-2/lecture/6Z7AQ/the-age-of-uncertainty,https://www.coursera.org/learn/modern-world-2/lecture/nDYXg/the-end-of-the-cold-war
12,50,0,the age of uncertainty,the global and the local,https://www.coursera.org/learn/modern-world-2/lecture/6Z7AQ/the-age-of-uncertainty,https://www.coursera.org/learn/modern-world-2/lecture/7evOd/the-global-and-the-local
12,51,0,the age of uncertainty,an age of transition,https://www.coursera.org/learn/modern-world-2/lecture/6Z7AQ/the-age-of-uncertainty,https://www.coursera.org/learn/modern-world-2/lecture/2LHxa/an-age-of-transition
13,14,0,modern women,the world of 1930,https://www.coursera.org/learn/modern-world-2/lecture/O3yn2/modern-women,https://www.coursera.org/learn/modern-world-2/lecture/RyCaf/the-world-of-1930
13,15,0,modern women,challenges to capitalism and collective security,https://www.coursera.org/learn/modern-world-2/lecture/O3yn2/modern-women,https://www.coursera.org/learn/modern-world-2/lecture/mWxo9/challenges-to-capitalism-and-collective-security
13,16,0,modern women,escapes from freedom,https://www.coursera.org/learn/modern-world-2/lecture/O3yn2/modern-women,https://www.coursera.org/learn/modern-world-2/lecture/yah93/escapes-from-freedom
13,17,0,modern women,total politics,https://www.coursera.org/learn/modern-world-2/lecture/O3yn2/modern-women,https://www.coursera.org/learn/modern-world-2/lecture/PbE5Q/total-politics
13,18,0,modern women,new wars for new empires,https://www.coursera.org/learn/modern-world-2/lecture/O3yn2/modern-women,https://www.coursera.org/learn/modern-world-2/lecture/wGfdc/new-wars-for-new-empires
13,21,0,modern women,gambling for victory,https://www.coursera.org/learn/modern-world-2/lecture/O3yn2/modern-women,https://www.coursera.org/learn/modern-world-2/lecture/JxxR2/gambling-for-victory
13,22,0,modern women,strategies for total war,https://www.coursera.org/learn/modern-world-2/lecture/O3yn2/modern-women,https://www.coursera.org/learn/modern-world-2/lecture/XQDSI/strategies-for-total-war
13,23,0,modern women,zero hour,https://www.coursera.org/learn/modern-world-2/lecture/O3yn2/modern-women,https://www.coursera.org/learn/modern-world-2/lecture/KtIMl/zero-hour
13,24,0,modern women,imagining new countries,https://www.coursera.org/learn/modern-world-2/lecture/O3yn2/modern-women,https://www.coursera.org/learn/modern-world-2/lecture/0Q8Jx/imagining-new-countries
13,25,0,modern women,postwar,https://www.coursera.org/learn/modern-world-2/lecture/O3yn2/modern-women,https://www.coursera.org/learn/modern-world-2/lecture/MvvEo/postwar
13,26,0,modern women,two europes,https://www.coursera.org/learn/modern-world-2/lecture/O3yn2/modern-women,https://www.coursera.org/learn/modern-world-2/lecture/ufWCN/two-europes
13,28,0,modern women,the age of the americans,https://www.coursera.org/learn/modern-world-2/lecture/O3yn2/modern-women,https://www.coursera.org/learn/modern-world-2/lecture/0gCBs/the-age-of-the-americans
13,29,0,modern women,choosing war in korea,https://www.coursera.org/learn/modern-world-2/lecture/O3yn2/modern-women,https://www.coursera.org/learn/modern-world-2/lecture/VieTw/choosing-war-in-korea
13,32,0,modern women,the nuclear revolution,https://www.coursera.org/learn/modern-world-2/lecture/O3yn2/modern-women,https://www.coursera.org/learn/modern-world-2/lecture/vckU1/the-nuclear-revolution
13,33,0,modern women,new empires and confederations,https://www.coursera.org/learn/modern-world-2/lecture/O3yn2/modern-women,https://www.coursera.org/learn/modern-world-2/lecture/GrYhD/new-empires-and-confederations
13,34,0,modern women,the third world,https://www.coursera.org/learn/modern-world-2/lecture/O3yn2/modern-women,https://www.coursera.org/learn/modern-world-2/lecture/2Pcqj/the-third-world
13,35,0,modern women,to the brink,https://www.coursera.org/learn/modern-world-2/lecture/O3yn2/modern-women,https://www.coursera.org/learn/modern-world-2/lecture/x3FDe/to-the-brink
13,36,0,modern women,wars of containment,https://www.coursera.org/learn/modern-world-2/lecture/O3yn2/modern-women,https://www.coursera.org/learn/modern-world-2/lecture/ioucd/wars-of-containment
13,38,0,modern women,the weary establishment,https://www.coursera.org/learn/modern-world-2/lecture/O3yn2/modern-women,https://www.coursera.org/learn/modern-world-2/lecture/rtuBE/the-weary-establishment
13,43,0,modern women,the end of the cold war,https://www.coursera.org/learn/modern-world-2/lecture/O3yn2/modern-women,https://www.coursera.org/learn/modern-world-2/lecture/nDYXg/the-end-of-the-cold-war
13,45,1,modern women,toward a new era in world history,https://www.coursera.org/learn/modern-world-2/lecture/O3yn2/modern-women,https://www.coursera.org/learn/modern-world-2/lecture/8LMac/toward-a-new-era-in-world-history
13,50,0,modern women,the global and the local,https://www.coursera.org/learn/modern-world-2/lecture/O3yn2/modern-women,https://www.coursera.org/learn/modern-world-2/lecture/7evOd/the-global-and-the-local
13,51,1,modern women,an age of transition,https://www.coursera.org/learn/modern-world-2/lecture/O3yn2/modern-women,https://www.coursera.org/learn/modern-world-2/lecture/2LHxa/an-age-of-transition
14,15,1,the world of 1930,challenges to capitalism and collective security,https://www.coursera.org/learn/modern-world-2/lecture/RyCaf/the-world-of-1930,https://www.coursera.org/learn/modern-world-2/lecture/mWxo9/challenges-to-capitalism-and-collective-security
14,16,1,the world of 1930,escapes from freedom,https://www.coursera.org/learn/modern-world-2/lecture/RyCaf/the-world-of-1930,https://www.coursera.org/learn/modern-world-2/lecture/yah93/escapes-from-freedom
14,17,1,the world of 1930,total politics,https://www.coursera.org/learn/modern-world-2/lecture/RyCaf/the-world-of-1930,https://www.coursera.org/learn/modern-world-2/lecture/PbE5Q/total-politics
14,21,0,the world of 1930,gambling for victory,https://www.coursera.org/learn/modern-world-2/lecture/RyCaf/the-world-of-1930,https://www.coursera.org/learn/modern-world-2/lecture/JxxR2/gambling-for-victory
14,22,0,the world of 1930,strategies for total war,https://www.coursera.org/learn/modern-world-2/lecture/RyCaf/the-world-of-1930,https://www.coursera.org/learn/modern-world-2/lecture/XQDSI/strategies-for-total-war
14,23,0,the world of 1930,zero hour,https://www.coursera.org/learn/modern-world-2/lecture/RyCaf/the-world-of-1930,https://www.coursera.org/learn/modern-world-2/lecture/KtIMl/zero-hour
14,24,0,the world of 1930,imagining new countries,https://www.coursera.org/learn/modern-world-2/lecture/RyCaf/the-world-of-1930,https://www.coursera.org/learn/modern-world-2/lecture/0Q8Jx/imagining-new-countries
14,25,0,the world of 1930,postwar,https://www.coursera.org/learn/modern-world-2/lecture/RyCaf/the-world-of-1930,https://www.coursera.org/learn/modern-world-2/lecture/MvvEo/postwar
14,26,0,the world of 1930,two europes,https://www.coursera.org/learn/modern-world-2/lecture/RyCaf/the-world-of-1930,https://www.coursera.org/learn/modern-world-2/lecture/ufWCN/two-europes
14,28,0,the world of 1930,the age of the americans,https://www.coursera.org/learn/modern-world-2/lecture/RyCaf/the-world-of-1930,https://www.coursera.org/learn/modern-world-2/lecture/0gCBs/the-age-of-the-americans
14,29,0,the world of 1930,choosing war in korea,https://www.coursera.org/learn/modern-world-2/lecture/RyCaf/the-world-of-1930,https://www.coursera.org/learn/modern-world-2/lecture/VieTw/choosing-war-in-korea
14,32,0,the world of 1930,the nuclear revolution,https://www.coursera.org/learn/modern-world-2/lecture/RyCaf/the-world-of-1930,https://www.coursera.org/learn/modern-world-2/lecture/vckU1/the-nuclear-revolution
14,33,0,the world of 1930,new empires and confederations,https://www.coursera.org/learn/modern-world-2/lecture/RyCaf/the-world-of-1930,https://www.coursera.org/learn/modern-world-2/lecture/GrYhD/new-empires-and-confederations
14,34,0,the world of 1930,the third world,https://www.coursera.org/learn/modern-world-2/lecture/RyCaf/the-world-of-1930,https://www.coursera.org/learn/modern-world-2/lecture/2Pcqj/the-third-world
14,35,0,the world of 1930,to the brink,https://www.coursera.org/learn/modern-world-2/lecture/RyCaf/the-world-of-1930,https://www.coursera.org/learn/modern-world-2/lecture/x3FDe/to-the-brink
14,36,0,the world of 1930,wars of containment,https://www.coursera.org/learn/modern-world-2/lecture/RyCaf/the-world-of-1930,https://www.coursera.org/learn/modern-world-2/lecture/ioucd/wars-of-containment
14,38,0,the world of 1930,the weary establishment,https://www.coursera.org/learn/modern-world-2/lecture/RyCaf/the-world-of-1930,https://www.coursera.org/learn/modern-world-2/lecture/rtuBE/the-weary-establishment
14,43,0,the world of 1930,the end of the cold war,https://www.coursera.org/learn/modern-world-2/lecture/RyCaf/the-world-of-1930,https://www.coursera.org/learn/modern-world-2/lecture/nDYXg/the-end-of-the-cold-war
14,45,0,the world of 1930,toward a new era in world history,https://www.coursera.org/learn/modern-world-2/lecture/RyCaf/the-world-of-1930,https://www.coursera.org/learn/modern-world-2/lecture/8LMac/toward-a-new-era-in-world-history
14,50,0,the world of 1930,the global and the local,https://www.coursera.org/learn/modern-world-2/lecture/RyCaf/the-world-of-1930,https://www.coursera.org/learn/modern-world-2/lecture/7evOd/the-global-and-the-local
14,51,0,the world of 1930,an age of transition,https://www.coursera.org/learn/modern-world-2/lecture/RyCaf/the-world-of-1930,https://www.coursera.org/learn/modern-world-2/lecture/2LHxa/an-age-of-transition
15,16,1,challenges to capitalism and collective security,escapes from freedom,https://www.coursera.org/learn/modern-world-2/lecture/mWxo9/challenges-to-capitalism-and-collective-security,https://www.coursera.org/learn/modern-world-2/lecture/yah93/escapes-from-freedom
15,17,1,challenges to capitalism and collective security,total politics,https://www.coursera.org/learn/modern-world-2/lecture/mWxo9/challenges-to-capitalism-and-collective-security,https://www.coursera.org/learn/modern-world-2/lecture/PbE5Q/total-politics
15,18,1,challenges to capitalism and collective security,new wars for new empires,https://www.coursera.org/learn/modern-world-2/lecture/mWxo9/challenges-to-capitalism-and-collective-security,https://www.coursera.org/learn/modern-world-2/lecture/wGfdc/new-wars-for-new-empires
15,21,0,challenges to capitalism and collective security,gambling for victory,https://www.coursera.org/learn/modern-world-2/lecture/mWxo9/challenges-to-capitalism-and-collective-security,https://www.coursera.org/learn/modern-world-2/lecture/JxxR2/gambling-for-victory
15,22,0,challenges to capitalism and collective security,strategies for total war,https://www.coursera.org/learn/modern-world-2/lecture/mWxo9/challenges-to-capitalism-and-collective-security,https://www.coursera.org/learn/modern-world-2/lecture/XQDSI/strategies-for-total-war
15,23,0,challenges to capitalism and collective security,zero hour,https://www.coursera.org/learn/modern-world-2/lecture/mWxo9/challenges-to-capitalism-and-collective-security,https://www.coursera.org/learn/modern-world-2/lecture/KtIMl/zero-hour
15,24,0,challenges to capitalism and collective security,imagining new countries,https://www.coursera.org/learn/modern-world-2/lecture/mWxo9/challenges-to-capitalism-and-collective-security,https://www.coursera.org/learn/modern-world-2/lecture/0Q8Jx/imagining-new-countries
15,25,0,challenges to capitalism and collective security,postwar,https://www.coursera.org/learn/modern-world-2/lecture/mWxo9/challenges-to-capitalism-and-collective-security,https://www.coursera.org/learn/modern-world-2/lecture/MvvEo/postwar
15,26,0,challenges to capitalism and collective security,two europes,https://www.coursera.org/learn/modern-world-2/lecture/mWxo9/challenges-to-capitalism-and-collective-security,https://www.coursera.org/learn/modern-world-2/lecture/ufWCN/two-europes
15,28,0,challenges to capitalism and collective security,the age of the americans,https://www.coursera.org/learn/modern-world-2/lecture/mWxo9/challenges-to-capitalism-and-collective-security,https://www.coursera.org/learn/modern-world-2/lecture/0gCBs/the-age-of-the-americans
15,29,0,challenges to capitalism and collective security,choosing war in korea,https://www.coursera.org/learn/modern-world-2/lecture/mWxo9/challenges-to-capitalism-and-collective-security,https://www.coursera.org/learn/modern-world-2/lecture/VieTw/choosing-war-in-korea
15,32,0,challenges to capitalism and collective security,the nuclear revolution,https://www.coursera.org/learn/modern-world-2/lecture/mWxo9/challenges-to-capitalism-and-collective-security,https://www.coursera.org/learn/modern-world-2/lecture/vckU1/the-nuclear-revolution
15,33,0,challenges to capitalism and collective security,new empires and confederations,https://www.coursera.org/learn/modern-world-2/lecture/mWxo9/challenges-to-capitalism-and-collective-security,https://www.coursera.org/learn/modern-world-2/lecture/GrYhD/new-empires-and-confederations
15,34,0,challenges to capitalism and collective security,the third world,https://www.coursera.org/learn/modern-world-2/lecture/mWxo9/challenges-to-capitalism-and-collective-security,https://www.coursera.org/learn/modern-world-2/lecture/2Pcqj/the-third-world
15,35,0,challenges to capitalism and collective security,to the brink,https://www.coursera.org/learn/modern-world-2/lecture/mWxo9/challenges-to-capitalism-and-collective-security,https://www.coursera.org/learn/modern-world-2/lecture/x3FDe/to-the-brink
15,36,0,challenges to capitalism and collective security,wars of containment,https://www.coursera.org/learn/modern-world-2/lecture/mWxo9/challenges-to-capitalism-and-collective-security,https://www.coursera.org/learn/modern-world-2/lecture/ioucd/wars-of-containment
15,38,0,challenges to capitalism and collective security,the weary establishment,https://www.coursera.org/learn/modern-world-2/lecture/mWxo9/challenges-to-capitalism-and-collective-security,https://www.coursera.org/learn/modern-world-2/lecture/rtuBE/the-weary-establishment
15,43,0,challenges to capitalism and collective security,the end of the cold war,https://www.coursera.org/learn/modern-world-2/lecture/mWxo9/challenges-to-capitalism-and-collective-security,https://www.coursera.org/learn/modern-world-2/lecture/nDYXg/the-end-of-the-cold-war
15,45,0,challenges to capitalism and collective security,toward a new era in world history,https://www.coursera.org/learn/modern-world-2/lecture/mWxo9/challenges-to-capitalism-and-collective-security,https://www.coursera.org/learn/modern-world-2/lecture/8LMac/toward-a-new-era-in-world-history
15,50,0,challenges to capitalism and collective security,the global and the local,https://www.coursera.org/learn/modern-world-2/lecture/mWxo9/challenges-to-capitalism-and-collective-security,https://www.coursera.org/learn/modern-world-2/lecture/7evOd/the-global-and-the-local
15,51,0,challenges to capitalism and collective security,an age of transition,https://www.coursera.org/learn/modern-world-2/lecture/mWxo9/challenges-to-capitalism-and-collective-security,https://www.coursera.org/learn/modern-world-2/lecture/2LHxa/an-age-of-transition
16,17,1,escapes from freedom,total politics,https://www.coursera.org/learn/modern-world-2/lecture/yah93/escapes-from-freedom,https://www.coursera.org/learn/modern-world-2/lecture/PbE5Q/total-politics
16,18,1,escapes from freedom,new wars for new empires,https://www.coursera.org/learn/modern-world-2/lecture/yah93/escapes-from-freedom,https://www.coursera.org/learn/modern-world-2/lecture/wGfdc/new-wars-for-new-empires
16,21,1,escapes from freedom,gambling for victory,https://www.coursera.org/learn/modern-world-2/lecture/yah93/escapes-from-freedom,https://www.coursera.org/learn/modern-world-2/lecture/JxxR2/gambling-for-victory
16,22,1,escapes from freedom,strategies for total war,https://www.coursera.org/learn/modern-world-2/lecture/yah93/escapes-from-freedom,https://www.coursera.org/learn/modern-world-2/lecture/XQDSI/strategies-for-total-war
16,25,0,escapes from freedom,postwar,https://www.coursera.org/learn/modern-world-2/lecture/yah93/escapes-from-freedom,https://www.coursera.org/learn/modern-world-2/lecture/MvvEo/postwar
16,26,0,escapes from freedom,two europes,https://www.coursera.org/learn/modern-world-2/lecture/yah93/escapes-from-freedom,https://www.coursera.org/learn/modern-world-2/lecture/ufWCN/two-europes
16,28,0,escapes from freedom,the age of the americans,https://www.coursera.org/learn/modern-world-2/lecture/yah93/escapes-from-freedom,https://www.coursera.org/learn/modern-world-2/lecture/0gCBs/the-age-of-the-americans
16,29,0,escapes from freedom,choosing war in korea,https://www.coursera.org/learn/modern-world-2/lecture/yah93/escapes-from-freedom,https://www.coursera.org/learn/modern-world-2/lecture/VieTw/choosing-war-in-korea
16,32,0,escapes from freedom,the nuclear revolution,https://www.coursera.org/learn/modern-world-2/lecture/yah93/escapes-from-freedom,https://www.coursera.org/learn/modern-world-2/lecture/vckU1/the-nuclear-revolution
16,33,0,escapes from freedom,new empires and confederations,https://www.coursera.org/learn/modern-world-2/lecture/yah93/escapes-from-freedom,https://www.coursera.org/learn/modern-world-2/lecture/GrYhD/new-empires-and-confederations
16,34,0,escapes from freedom,the third world,https://www.coursera.org/learn/modern-world-2/lecture/yah93/escapes-from-freedom,https://www.coursera.org/learn/modern-world-2/lecture/2Pcqj/the-third-world
16,35,0,escapes from freedom,to the brink,https://www.coursera.org/learn/modern-world-2/lecture/yah93/escapes-from-freedom,https://www.coursera.org/learn/modern-world-2/lecture/x3FDe/to-the-brink
16,36,0,escapes from freedom,wars of containment,https://www.coursera.org/learn/modern-world-2/lecture/yah93/escapes-from-freedom,https://www.coursera.org/learn/modern-world-2/lecture/ioucd/wars-of-containment
16,50,0,escapes from freedom,the global and the local,https://www.coursera.org/learn/modern-world-2/lecture/yah93/escapes-from-freedom,https://www.coursera.org/learn/modern-world-2/lecture/7evOd/the-global-and-the-local
16,51,0,escapes from freedom,an age of transition,https://www.coursera.org/learn/modern-world-2/lecture/yah93/escapes-from-freedom,https://www.coursera.org/learn/modern-world-2/lecture/2LHxa/an-age-of-transition
17,18,1,total politics,new wars for new empires,https://www.coursera.org/learn/modern-world-2/lecture/PbE5Q/total-politics,https://www.coursera.org/learn/modern-world-2/lecture/wGfdc/new-wars-for-new-empires
17,21,0,total politics,gambling for victory,https://www.coursera.org/learn/modern-world-2/lecture/PbE5Q/total-politics,https://www.coursera.org/learn/modern-world-2/lecture/JxxR2/gambling-for-victory
17,22,1,total politics,strategies for total war,https://www.coursera.org/learn/modern-world-2/lecture/PbE5Q/total-politics,https://www.coursera.org/learn/modern-world-2/lecture/XQDSI/strategies-for-total-war
17,23,1,total politics,zero hour,https://www.coursera.org/learn/modern-world-2/lecture/PbE5Q/total-politics,https://www.coursera.org/learn/modern-world-2/lecture/KtIMl/zero-hour
17,25,1,total politics,postwar,https://www.coursera.org/learn/modern-world-2/lecture/PbE5Q/total-politics,https://www.coursera.org/learn/modern-world-2/lecture/MvvEo/postwar
17,26,0,total politics,two europes,https://www.coursera.org/learn/modern-world-2/lecture/PbE5Q/total-politics,https://www.coursera.org/learn/modern-world-2/lecture/ufWCN/two-europes
17,28,0,total politics,the age of the americans,https://www.coursera.org/learn/modern-world-2/lecture/PbE5Q/total-politics,https://www.coursera.org/learn/modern-world-2/lecture/0gCBs/the-age-of-the-americans
17,29,0,total politics,choosing war in korea,https://www.coursera.org/learn/modern-world-2/lecture/PbE5Q/total-politics,https://www.coursera.org/learn/modern-world-2/lecture/VieTw/choosing-war-in-korea
17,32,0,total politics,the nuclear revolution,https://www.coursera.org/learn/modern-world-2/lecture/PbE5Q/total-politics,https://www.coursera.org/learn/modern-world-2/lecture/vckU1/the-nuclear-revolution
17,33,0,total politics,new empires and confederations,https://www.coursera.org/learn/modern-world-2/lecture/PbE5Q/total-politics,https://www.coursera.org/learn/modern-world-2/lecture/GrYhD/new-empires-and-confederations
17,34,0,total politics,the third world,https://www.coursera.org/learn/modern-world-2/lecture/PbE5Q/total-politics,https://www.coursera.org/learn/modern-world-2/lecture/2Pcqj/the-third-world
17,35,0,total politics,to the brink,https://www.coursera.org/learn/modern-world-2/lecture/PbE5Q/total-politics,https://www.coursera.org/learn/modern-world-2/lecture/x3FDe/to-the-brink
17,36,0,total politics,wars of containment,https://www.coursera.org/learn/modern-world-2/lecture/PbE5Q/total-politics,https://www.coursera.org/learn/modern-world-2/lecture/ioucd/wars-of-containment
17,38,0,total politics,the weary establishment,https://www.coursera.org/learn/modern-world-2/lecture/PbE5Q/total-politics,https://www.coursera.org/learn/modern-world-2/lecture/rtuBE/the-weary-establishment
17,43,0,total politics,the end of the cold war,https://www.coursera.org/learn/modern-world-2/lecture/PbE5Q/total-politics,https://www.coursera.org/learn/modern-world-2/lecture/nDYXg/the-end-of-the-cold-war
17,45,0,total politics,toward a new era in world history,https://www.coursera.org/learn/modern-world-2/lecture/PbE5Q/total-politics,https://www.coursera.org/learn/modern-world-2/lecture/8LMac/toward-a-new-era-in-world-history
17,50,0,total politics,the global and the local,https://www.coursera.org/learn/modern-world-2/lecture/PbE5Q/total-politics,https://www.coursera.org/learn/modern-world-2/lecture/7evOd/the-global-and-the-local
17,51,0,total politics,an age of transition,https://www.coursera.org/learn/modern-world-2/lecture/PbE5Q/total-politics,https://www.coursera.org/learn/modern-world-2/lecture/2LHxa/an-age-of-transition
18,21,1,new wars for new empires,gambling for victory,https://www.coursera.org/learn/modern-world-2/lecture/wGfdc/new-wars-for-new-empires,https://www.coursera.org/learn/modern-world-2/lecture/JxxR2/gambling-for-victory
18,22,1,new wars for new empires,strategies for total war,https://www.coursera.org/learn/modern-world-2/lecture/wGfdc/new-wars-for-new-empires,https://www.coursera.org/learn/modern-world-2/lecture/XQDSI/strategies-for-total-war
18,23,1,new wars for new empires,zero hour,https://www.coursera.org/learn/modern-world-2/lecture/wGfdc/new-wars-for-new-empires,https://www.coursera.org/learn/modern-world-2/lecture/KtIMl/zero-hour
18,24,0,new wars for new empires,imagining new countries,https://www.coursera.org/learn/modern-world-2/lecture/wGfdc/new-wars-for-new-empires,https://www.coursera.org/learn/modern-world-2/lecture/0Q8Jx/imagining-new-countries
18,25,0,new wars for new empires,postwar,https://www.coursera.org/learn/modern-world-2/lecture/wGfdc/new-wars-for-new-empires,https://www.coursera.org/learn/modern-world-2/lecture/MvvEo/postwar
18,26,0,new wars for new empires,two europes,https://www.coursera.org/learn/modern-world-2/lecture/wGfdc/new-wars-for-new-empires,https://www.coursera.org/learn/modern-world-2/lecture/ufWCN/two-europes
18,28,0,new wars for new empires,the age of the americans,https://www.coursera.org/learn/modern-world-2/lecture/wGfdc/new-wars-for-new-empires,https://www.coursera.org/learn/modern-world-2/lecture/0gCBs/the-age-of-the-americans
18,29,0,new wars for new empires,choosing war in korea,https://www.coursera.org/learn/modern-world-2/lecture/wGfdc/new-wars-for-new-empires,https://www.coursera.org/learn/modern-world-2/lecture/VieTw/choosing-war-in-korea
18,32,0,new wars for new empires,the nuclear revolution,https://www.coursera.org/learn/modern-world-2/lecture/wGfdc/new-wars-for-new-empires,https://www.coursera.org/learn/modern-world-2/lecture/vckU1/the-nuclear-revolution
18,33,0,new wars for new empires,new empires and confederations,https://www.coursera.org/learn/modern-world-2/lecture/wGfdc/new-wars-for-new-empires,https://www.coursera.org/learn/modern-world-2/lecture/GrYhD/new-empires-and-confederations
18,34,0,new wars for new empires,the third world,https://www.coursera.org/learn/modern-world-2/lecture/wGfdc/new-wars-for-new-empires,https://www.coursera.org/learn/modern-world-2/lecture/2Pcqj/the-third-world
18,35,0,new wars for new empires,to the brink,https://www.coursera.org/learn/modern-world-2/lecture/wGfdc/new-wars-for-new-empires,https://www.coursera.org/learn/modern-world-2/lecture/x3FDe/to-the-brink
18,36,0,new wars for new empires,wars of containment,https://www.coursera.org/learn/modern-world-2/lecture/wGfdc/new-wars-for-new-empires,https://www.coursera.org/learn/modern-world-2/lecture/ioucd/wars-of-containment
18,38,0,new wars for new empires,the weary establishment,https://www.coursera.org/learn/modern-world-2/lecture/wGfdc/new-wars-for-new-empires,https://www.coursera.org/learn/modern-world-2/lecture/rtuBE/the-weary-establishment
18,43,0,new wars for new empires,the end of the cold war,https://www.coursera.org/learn/modern-world-2/lecture/wGfdc/new-wars-for-new-empires,https://www.coursera.org/learn/modern-world-2/lecture/nDYXg/the-end-of-the-cold-war
18,45,0,new wars for new empires,toward a new era in world history,https://www.coursera.org/learn/modern-world-2/lecture/wGfdc/new-wars-for-new-empires,https://www.coursera.org/learn/modern-world-2/lecture/8LMac/toward-a-new-era-in-world-history
18,50,0,new wars for new empires,the global and the local,https://www.coursera.org/learn/modern-world-2/lecture/wGfdc/new-wars-for-new-empires,https://www.coursera.org/learn/modern-world-2/lecture/7evOd/the-global-and-the-local
18,51,0,new wars for new empires,an age of transition,https://www.coursera.org/learn/modern-world-2/lecture/wGfdc/new-wars-for-new-empires,https://www.coursera.org/learn/modern-world-2/lecture/2LHxa/an-age-of-transition
21,23,1,gambling for victory,zero hour,https://www.coursera.org/learn/modern-world-2/lecture/JxxR2/gambling-for-victory,https://www.coursera.org/learn/modern-world-2/lecture/KtIMl/zero-hour
21,24,1,gambling for victory,imagining new countries,https://www.coursera.org/learn/modern-world-2/lecture/JxxR2/gambling-for-victory,https://www.coursera.org/learn/modern-world-2/lecture/0Q8Jx/imagining-new-countries
21,25,1,gambling for victory,postwar,https://www.coursera.org/learn/modern-world-2/lecture/JxxR2/gambling-for-victory,https://www.coursera.org/learn/modern-world-2/lecture/MvvEo/postwar
21,26,0,gambling for victory,two europes,https://www.coursera.org/learn/modern-world-2/lecture/JxxR2/gambling-for-victory,https://www.coursera.org/learn/modern-world-2/lecture/ufWCN/two-europes
21,28,0,gambling for victory,the age of the americans,https://www.coursera.org/learn/modern-world-2/lecture/JxxR2/gambling-for-victory,https://www.coursera.org/learn/modern-world-2/lecture/0gCBs/the-age-of-the-americans
21,29,0,gambling for victory,choosing war in korea,https://www.coursera.org/learn/modern-world-2/lecture/JxxR2/gambling-for-victory,https://www.coursera.org/learn/modern-world-2/lecture/VieTw/choosing-war-in-korea
21,32,0,gambling for victory,the nuclear revolution,https://www.coursera.org/learn/modern-world-2/lecture/JxxR2/gambling-for-victory,https://www.coursera.org/learn/modern-world-2/lecture/vckU1/the-nuclear-revolution
21,33,0,gambling for victory,new empires and confederations,https://www.coursera.org/learn/modern-world-2/lecture/JxxR2/gambling-for-victory,https://www.coursera.org/learn/modern-world-2/lecture/GrYhD/new-empires-and-confederations
21,34,0,gambling for victory,the third world,https://www.coursera.org/learn/modern-world-2/lecture/JxxR2/gambling-for-victory,https://www.coursera.org/learn/modern-world-2/lecture/2Pcqj/the-third-world
21,35,0,gambling for victory,to the brink,https://www.coursera.org/learn/modern-world-2/lecture/JxxR2/gambling-for-victory,https://www.coursera.org/learn/modern-world-2/lecture/x3FDe/to-the-brink
21,36,0,gambling for victory,wars of containment,https://www.coursera.org/learn/modern-world-2/lecture/JxxR2/gambling-for-victory,https://www.coursera.org/learn/modern-world-2/lecture/ioucd/wars-of-containment
21,38,0,gambling for victory,the weary establishment,https://www.coursera.org/learn/modern-world-2/lecture/JxxR2/gambling-for-victory,https://www.coursera.org/learn/modern-world-2/lecture/rtuBE/the-weary-establishment
21,43,0,gambling for victory,the end of the cold war,https://www.coursera.org/learn/modern-world-2/lecture/JxxR2/gambling-for-victory,https://www.coursera.org/learn/modern-world-2/lecture/nDYXg/the-end-of-the-cold-war
21,45,0,gambling for victory,toward a new era in world history,https://www.coursera.org/learn/modern-world-2/lecture/JxxR2/gambling-for-victory,https://www.coursera.org/learn/modern-world-2/lecture/8LMac/toward-a-new-era-in-world-history
21,50,0,gambling for victory,the global and the local,https://www.coursera.org/learn/modern-world-2/lecture/JxxR2/gambling-for-victory,https://www.coursera.org/learn/modern-world-2/lecture/7evOd/the-global-and-the-local
21,51,0,gambling for victory,an age of transition,https://www.coursera.org/learn/modern-world-2/lecture/JxxR2/gambling-for-victory,https://www.coursera.org/learn/modern-world-2/lecture/2LHxa/an-age-of-transition
22,23,1,strategies for total war,zero hour,https://www.coursera.org/learn/modern-world-2/lecture/XQDSI/strategies-for-total-war,https://www.coursera.org/learn/modern-world-2/lecture/KtIMl/zero-hour
22,24,1,strategies for total war,imagining new countries,https://www.coursera.org/learn/modern-world-2/lecture/XQDSI/strategies-for-total-war,https://www.coursera.org/learn/modern-world-2/lecture/0Q8Jx/imagining-new-countries
22,25,0,strategies for total war,postwar,https://www.coursera.org/learn/modern-world-2/lecture/XQDSI/strategies-for-total-war,https://www.coursera.org/learn/modern-world-2/lecture/MvvEo/postwar
22,26,0,strategies for total war,two europes,https://www.coursera.org/learn/modern-world-2/lecture/XQDSI/strategies-for-total-war,https://www.coursera.org/learn/modern-world-2/lecture/ufWCN/two-europes
22,28,0,strategies for total war,the age of the americans,https://www.coursera.org/learn/modern-world-2/lecture/XQDSI/strategies-for-total-war,https://www.coursera.org/learn/modern-world-2/lecture/0gCBs/the-age-of-the-americans
22,29,0,strategies for total war,choosing war in korea,https://www.coursera.org/learn/modern-world-2/lecture/XQDSI/strategies-for-total-war,https://www.coursera.org/learn/modern-world-2/lecture/VieTw/choosing-war-in-korea
22,32,0,strategies for total war,the nuclear revolution,https://www.coursera.org/learn/modern-world-2/lecture/XQDSI/strategies-for-total-war,https://www.coursera.org/learn/modern-world-2/lecture/vckU1/the-nuclear-revolution
22,33,0,strategies for total war,new empires and confederations,https://www.coursera.org/learn/modern-world-2/lecture/XQDSI/strategies-for-total-war,https://www.coursera.org/learn/modern-world-2/lecture/GrYhD/new-empires-and-confederations
22,34,0,strategies for total war,the third world,https://www.coursera.org/learn/modern-world-2/lecture/XQDSI/strategies-for-total-war,https://www.coursera.org/learn/modern-world-2/lecture/2Pcqj/the-third-world
22,35,0,strategies for total war,to the brink,https://www.coursera.org/learn/modern-world-2/lecture/XQDSI/strategies-for-total-war,https://www.coursera.org/learn/modern-world-2/lecture/x3FDe/to-the-brink
22,36,0,strategies for total war,wars of containment,https://www.coursera.org/learn/modern-world-2/lecture/XQDSI/strategies-for-total-war,https://www.coursera.org/learn/modern-world-2/lecture/ioucd/wars-of-containment
22,38,0,strategies for total war,the weary establishment,https://www.coursera.org/learn/modern-world-2/lecture/XQDSI/strategies-for-total-war,https://www.coursera.org/learn/modern-world-2/lecture/rtuBE/the-weary-establishment
22,43,0,strategies for total war,the end of the cold war,https://www.coursera.org/learn/modern-world-2/lecture/XQDSI/strategies-for-total-war,https://www.coursera.org/learn/modern-world-2/lecture/nDYXg/the-end-of-the-cold-war
22,45,0,strategies for total war,toward a new era in world history,https://www.coursera.org/learn/modern-world-2/lecture/XQDSI/strategies-for-total-war,https://www.coursera.org/learn/modern-world-2/lecture/8LMac/toward-a-new-era-in-world-history
22,50,0,strategies for total war,the global and the local,https://www.coursera.org/learn/modern-world-2/lecture/XQDSI/strategies-for-total-war,https://www.coursera.org/learn/modern-world-2/lecture/7evOd/the-global-and-the-local
22,51,0,strategies for total war,an age of transition,https://www.coursera.org/learn/modern-world-2/lecture/XQDSI/strategies-for-total-war,https://www.coursera.org/learn/modern-world-2/lecture/2LHxa/an-age-of-transition
23,25,1,zero hour,postwar,https://www.coursera.org/learn/modern-world-2/lecture/KtIMl/zero-hour,https://www.coursera.org/learn/modern-world-2/lecture/MvvEo/postwar
23,26,0,zero hour,two europes,https://www.coursera.org/learn/modern-world-2/lecture/KtIMl/zero-hour,https://www.coursera.org/learn/modern-world-2/lecture/ufWCN/two-europes
23,28,0,zero hour,the age of the americans,https://www.coursera.org/learn/modern-world-2/lecture/KtIMl/zero-hour,https://www.coursera.org/learn/modern-world-2/lecture/0gCBs/the-age-of-the-americans
23,29,0,zero hour,choosing war in korea,https://www.coursera.org/learn/modern-world-2/lecture/KtIMl/zero-hour,https://www.coursera.org/learn/modern-world-2/lecture/VieTw/choosing-war-in-korea
23,32,0,zero hour,the nuclear revolution,https://www.coursera.org/learn/modern-world-2/lecture/KtIMl/zero-hour,https://www.coursera.org/learn/modern-world-2/lecture/vckU1/the-nuclear-revolution
23,34,0,zero hour,the third world,https://www.coursera.org/learn/modern-world-2/lecture/KtIMl/zero-hour,https://www.coursera.org/learn/modern-world-2/lecture/2Pcqj/the-third-world
23,35,0,zero hour,to the brink,https://www.coursera.org/learn/modern-world-2/lecture/KtIMl/zero-hour,https://www.coursera.org/learn/modern-world-2/lecture/x3FDe/to-the-brink
23,36,0,zero hour,wars of containment,https://www.coursera.org/learn/modern-world-2/lecture/KtIMl/zero-hour,https://www.coursera.org/learn/modern-world-2/lecture/ioucd/wars-of-containment
23,38,0,zero hour,the weary establishment,https://www.coursera.org/learn/modern-world-2/lecture/KtIMl/zero-hour,https://www.coursera.org/learn/modern-world-2/lecture/rtuBE/the-weary-establishment
23,45,0,zero hour,toward a new era in world history,https://www.coursera.org/learn/modern-world-2/lecture/KtIMl/zero-hour,https://www.coursera.org/learn/modern-world-2/lecture/8LMac/toward-a-new-era-in-world-history
24,25,1,imagining new countries,postwar,https://www.coursera.org/learn/modern-world-2/lecture/0Q8Jx/imagining-new-countries,https://www.coursera.org/learn/modern-world-2/lecture/MvvEo/postwar
24,26,0,imagining new countries,two europes,https://www.coursera.org/learn/modern-world-2/lecture/0Q8Jx/imagining-new-countries,https://www.coursera.org/learn/modern-world-2/lecture/ufWCN/two-europes
24,28,1,imagining new countries,the age of the americans,https://www.coursera.org/learn/modern-world-2/lecture/0Q8Jx/imagining-new-countries,https://www.coursera.org/learn/modern-world-2/lecture/0gCBs/the-age-of-the-americans
24,29,0,imagining new countries,choosing war in korea,https://www.coursera.org/learn/modern-world-2/lecture/0Q8Jx/imagining-new-countries,https://www.coursera.org/learn/modern-world-2/lecture/VieTw/choosing-war-in-korea
24,32,0,imagining new countries,the nuclear revolution,https://www.coursera.org/learn/modern-world-2/lecture/0Q8Jx/imagining-new-countries,https://www.coursera.org/learn/modern-world-2/lecture/vckU1/the-nuclear-revolution
24,34,0,imagining new countries,the third world,https://www.coursera.org/learn/modern-world-2/lecture/0Q8Jx/imagining-new-countries,https://www.coursera.org/learn/modern-world-2/lecture/2Pcqj/the-third-world
24,35,0,imagining new countries,to the brink,https://www.coursera.org/learn/modern-world-2/lecture/0Q8Jx/imagining-new-countries,https://www.coursera.org/learn/modern-world-2/lecture/x3FDe/to-the-brink
24,36,0,imagining new countries,wars of containment,https://www.coursera.org/learn/modern-world-2/lecture/0Q8Jx/imagining-new-countries,https://www.coursera.org/learn/modern-world-2/lecture/ioucd/wars-of-containment
24,38,0,imagining new countries,the weary establishment,https://www.coursera.org/learn/modern-world-2/lecture/0Q8Jx/imagining-new-countries,https://www.coursera.org/learn/modern-world-2/lecture/rtuBE/the-weary-establishment
25,26,1,postwar,two europes,https://www.coursera.org/learn/modern-world-2/lecture/MvvEo/postwar,https://www.coursera.org/learn/modern-world-2/lecture/ufWCN/two-europes
25,28,1,postwar,the age of the americans,https://www.coursera.org/learn/modern-world-2/lecture/MvvEo/postwar,https://www.coursera.org/learn/modern-world-2/lecture/0gCBs/the-age-of-the-americans
25,29,1,postwar,choosing war in korea,https://www.coursera.org/learn/modern-world-2/lecture/MvvEo/postwar,https://www.coursera.org/learn/modern-world-2/lecture/VieTw/choosing-war-in-korea
25,33,0,postwar,new empires and confederations,https://www.coursera.org/learn/modern-world-2/lecture/MvvEo/postwar,https://www.coursera.org/learn/modern-world-2/lecture/GrYhD/new-empires-and-confederations
25,34,0,postwar,the third world,https://www.coursera.org/learn/modern-world-2/lecture/MvvEo/postwar,https://www.coursera.org/learn/modern-world-2/lecture/2Pcqj/the-third-world
25,35,0,postwar,to the brink,https://www.coursera.org/learn/modern-world-2/lecture/MvvEo/postwar,https://www.coursera.org/learn/modern-world-2/lecture/x3FDe/to-the-brink
25,43,0,postwar,the end of the cold war,https://www.coursera.org/learn/modern-world-2/lecture/MvvEo/postwar,https://www.coursera.org/learn/modern-world-2/lecture/nDYXg/the-end-of-the-cold-war
25,45,0,postwar,toward a new era in world history,https://www.coursera.org/learn/modern-world-2/lecture/MvvEo/postwar,https://www.coursera.org/learn/modern-world-2/lecture/8LMac/toward-a-new-era-in-world-history
25,50,0,postwar,the global and the local,https://www.coursera.org/learn/modern-world-2/lecture/MvvEo/postwar,https://www.coursera.org/learn/modern-world-2/lecture/7evOd/the-global-and-the-local
25,51,0,postwar,an age of transition,https://www.coursera.org/learn/modern-world-2/lecture/MvvEo/postwar,https://www.coursera.org/learn/modern-world-2/lecture/2LHxa/an-age-of-transition
26,28,1,two europes,the age of the americans,https://www.coursera.org/learn/modern-world-2/lecture/ufWCN/two-europes,https://www.coursera.org/learn/modern-world-2/lecture/0gCBs/the-age-of-the-americans
26,29,1,two europes,choosing war in korea,https://www.coursera.org/learn/modern-world-2/lecture/ufWCN/two-europes,https://www.coursera.org/learn/modern-world-2/lecture/VieTw/choosing-war-in-korea
26,32,0,two europes,the nuclear revolution,https://www.coursera.org/learn/modern-world-2/lecture/ufWCN/two-europes,https://www.coursera.org/learn/modern-world-2/lecture/vckU1/the-nuclear-revolution
26,33,0,two europes,new empires and confederations,https://www.coursera.org/learn/modern-world-2/lecture/ufWCN/two-europes,https://www.coursera.org/learn/modern-world-2/lecture/GrYhD/new-empires-and-confederations
26,34,0,two europes,the third world,https://www.coursera.org/learn/modern-world-2/lecture/ufWCN/two-europes,https://www.coursera.org/learn/modern-world-2/lecture/2Pcqj/the-third-world
26,35,1,two europes,to the brink,https://www.coursera.org/learn/modern-world-2/lecture/ufWCN/two-europes,https://www.coursera.org/learn/modern-world-2/lecture/x3FDe/to-the-brink
26,36,0,two europes,wars of containment,https://www.coursera.org/learn/modern-world-2/lecture/ufWCN/two-europes,https://www.coursera.org/learn/modern-world-2/lecture/ioucd/wars-of-containment
26,38,0,two europes,the weary establishment,https://www.coursera.org/learn/modern-world-2/lecture/ufWCN/two-europes,https://www.coursera.org/learn/modern-world-2/lecture/rtuBE/the-weary-establishment
26,43,1,two europes,the end of the cold war,https://www.coursera.org/learn/modern-world-2/lecture/ufWCN/two-europes,https://www.coursera.org/learn/modern-world-2/lecture/nDYXg/the-end-of-the-cold-war
26,45,0,two europes,toward a new era in world history,https://www.coursera.org/learn/modern-world-2/lecture/ufWCN/two-europes,https://www.coursera.org/learn/modern-world-2/lecture/8LMac/toward-a-new-era-in-world-history
26,50,0,two europes,the global and the local,https://www.coursera.org/learn/modern-world-2/lecture/ufWCN/two-europes,https://www.coursera.org/learn/modern-world-2/lecture/7evOd/the-global-and-the-local
26,51,0,two europes,an age of transition,https://www.coursera.org/learn/modern-world-2/lecture/ufWCN/two-europes,https://www.coursera.org/learn/modern-world-2/lecture/2LHxa/an-age-of-transition
28,29,1,the age of the americans,choosing war in korea,https://www.coursera.org/learn/modern-world-2/lecture/0gCBs/the-age-of-the-americans,https://www.coursera.org/learn/modern-world-2/lecture/VieTw/choosing-war-in-korea
28,32,0,the age of the americans,the nuclear revolution,https://www.coursera.org/learn/modern-world-2/lecture/0gCBs/the-age-of-the-americans,https://www.coursera.org/learn/modern-world-2/lecture/vckU1/the-nuclear-revolution
28,33,0,the age of the americans,new empires and confederations,https://www.coursera.org/learn/modern-world-2/lecture/0gCBs/the-age-of-the-americans,https://www.coursera.org/learn/modern-world-2/lecture/GrYhD/new-empires-and-confederations
28,34,0,the age of the americans,the third world,https://www.coursera.org/learn/modern-world-2/lecture/0gCBs/the-age-of-the-americans,https://www.coursera.org/learn/modern-world-2/lecture/2Pcqj/the-third-world
28,35,0,the age of the americans,to the brink,https://www.coursera.org/learn/modern-world-2/lecture/0gCBs/the-age-of-the-americans,https://www.coursera.org/learn/modern-world-2/lecture/x3FDe/to-the-brink
28,36,1,the age of the americans,wars of containment,https://www.coursera.org/learn/modern-world-2/lecture/0gCBs/the-age-of-the-americans,https://www.coursera.org/learn/modern-world-2/lecture/ioucd/wars-of-containment
28,38,1,the age of the americans,the weary establishment,https://www.coursera.org/learn/modern-world-2/lecture/0gCBs/the-age-of-the-americans,https://www.coursera.org/learn/modern-world-2/lecture/rtuBE/the-weary-establishment
28,43,0,the age of the americans,the end of the cold war,https://www.coursera.org/learn/modern-world-2/lecture/0gCBs/the-age-of-the-americans,https://www.coursera.org/learn/modern-world-2/lecture/nDYXg/the-end-of-the-cold-war
28,45,0,the age of the americans,toward a new era in world history,https://www.coursera.org/learn/modern-world-2/lecture/0gCBs/the-age-of-the-americans,https://www.coursera.org/learn/modern-world-2/lecture/8LMac/toward-a-new-era-in-world-history
28,50,0,the age of the americans,the global and the local,https://www.coursera.org/learn/modern-world-2/lecture/0gCBs/the-age-of-the-americans,https://www.coursera.org/learn/modern-world-2/lecture/7evOd/the-global-and-the-local
28,51,0,the age of the americans,an age of transition,https://www.coursera.org/learn/modern-world-2/lecture/0gCBs/the-age-of-the-americans,https://www.coursera.org/learn/modern-world-2/lecture/2LHxa/an-age-of-transition
29,32,1,choosing war in korea,the nuclear revolution,https://www.coursera.org/learn/modern-world-2/lecture/VieTw/choosing-war-in-korea,https://www.coursera.org/learn/modern-world-2/lecture/vckU1/the-nuclear-revolution
29,33,1,choosing war in korea,new empires and confederations,https://www.coursera.org/learn/modern-world-2/lecture/VieTw/choosing-war-in-korea,https://www.coursera.org/learn/modern-world-2/lecture/GrYhD/new-empires-and-confederations
29,35,1,choosing war in korea,to the brink,https://www.coursera.org/learn/modern-world-2/lecture/VieTw/choosing-war-in-korea,https://www.coursera.org/learn/modern-world-2/lecture/x3FDe/to-the-brink
29,36,0,choosing war in korea,wars of containment,https://www.coursera.org/learn/modern-world-2/lecture/VieTw/choosing-war-in-korea,https://www.coursera.org/learn/modern-world-2/lecture/ioucd/wars-of-containment
29,38,0,choosing war in korea,the weary establishment,https://www.coursera.org/learn/modern-world-2/lecture/VieTw/choosing-war-in-korea,https://www.coursera.org/learn/modern-world-2/lecture/rtuBE/the-weary-establishment
29,43,0,choosing war in korea,the end of the cold war,https://www.coursera.org/learn/modern-world-2/lecture/VieTw/choosing-war-in-korea,https://www.coursera.org/learn/modern-world-2/lecture/nDYXg/the-end-of-the-cold-war
29,45,0,choosing war in korea,toward a new era in world history,https://www.coursera.org/learn/modern-world-2/lecture/VieTw/choosing-war-in-korea,https://www.coursera.org/learn/modern-world-2/lecture/8LMac/toward-a-new-era-in-world-history
29,50,0,choosing war in korea,the global and the local,https://www.coursera.org/learn/modern-world-2/lecture/VieTw/choosing-war-in-korea,https://www.coursera.org/learn/modern-world-2/lecture/7evOd/the-global-and-the-local
29,51,0,choosing war in korea,an age of transition,https://www.coursera.org/learn/modern-world-2/lecture/VieTw/choosing-war-in-korea,https://www.coursera.org/learn/modern-world-2/lecture/2LHxa/an-age-of-transition
32,33,0,the nuclear revolution,new empires and confederations,https://www.coursera.org/learn/modern-world-2/lecture/vckU1/the-nuclear-revolution,https://www.coursera.org/learn/modern-world-2/lecture/GrYhD/new-empires-and-confederations
32,34,0,the nuclear revolution,the third world,https://www.coursera.org/learn/modern-world-2/lecture/vckU1/the-nuclear-revolution,https://www.coursera.org/learn/modern-world-2/lecture/2Pcqj/the-third-world
32,35,1,the nuclear revolution,to the brink,https://www.coursera.org/learn/modern-world-2/lecture/vckU1/the-nuclear-revolution,https://www.coursera.org/learn/modern-world-2/lecture/x3FDe/to-the-brink
32,43,0,the nuclear revolution,the end of the cold war,https://www.coursera.org/learn/modern-world-2/lecture/vckU1/the-nuclear-revolution,https://www.coursera.org/learn/modern-world-2/lecture/nDYXg/the-end-of-the-cold-war
32,45,0,the nuclear revolution,toward a new era in world history,https://www.coursera.org/learn/modern-world-2/lecture/vckU1/the-nuclear-revolution,https://www.coursera.org/learn/modern-world-2/lecture/8LMac/toward-a-new-era-in-world-history
32,50,0,the nuclear revolution,the global and the local,https://www.coursera.org/learn/modern-world-2/lecture/vckU1/the-nuclear-revolution,https://www.coursera.org/learn/modern-world-2/lecture/7evOd/the-global-and-the-local
32,51,0,the nuclear revolution,an age of transition,https://www.coursera.org/learn/modern-world-2/lecture/vckU1/the-nuclear-revolution,https://www.coursera.org/learn/modern-world-2/lecture/2LHxa/an-age-of-transition
33,34,0,new empires and confederations,the third world,https://www.coursera.org/learn/modern-world-2/lecture/GrYhD/new-empires-and-confederations,https://www.coursera.org/learn/modern-world-2/lecture/2Pcqj/the-third-world
33,35,0,new empires and confederations,to the brink,https://www.coursera.org/learn/modern-world-2/lecture/GrYhD/new-empires-and-confederations,https://www.coursera.org/learn/modern-world-2/lecture/x3FDe/to-the-brink
33,36,1,new empires and confederations,wars of containment,https://www.coursera.org/learn/modern-world-2/lecture/GrYhD/new-empires-and-confederations,https://www.coursera.org/learn/modern-world-2/lecture/ioucd/wars-of-containment
33,38,1,new empires and confederations,the weary establishment,https://www.coursera.org/learn/modern-world-2/lecture/GrYhD/new-empires-and-confederations,https://www.coursera.org/learn/modern-world-2/lecture/rtuBE/the-weary-establishment
33,43,0,new empires and confederations,the end of the cold war,https://www.coursera.org/learn/modern-world-2/lecture/GrYhD/new-empires-and-confederations,https://www.coursera.org/learn/modern-world-2/lecture/nDYXg/the-end-of-the-cold-war
33,45,0,new empires and confederations,toward a new era in world history,https://www.coursera.org/learn/modern-world-2/lecture/GrYhD/new-empires-and-confederations,https://www.coursera.org/learn/modern-world-2/lecture/8LMac/toward-a-new-era-in-world-history
34,35,0,the third world,to the brink,https://www.coursera.org/learn/modern-world-2/lecture/2Pcqj/the-third-world,https://www.coursera.org/learn/modern-world-2/lecture/x3FDe/to-the-brink
34,36,1,the third world,wars of containment,https://www.coursera.org/learn/modern-world-2/lecture/2Pcqj/the-third-world,https://www.coursera.org/learn/modern-world-2/lecture/ioucd/wars-of-containment
34,38,1,the third world,the weary establishment,https://www.coursera.org/learn/modern-world-2/lecture/2Pcqj/the-third-world,https://www.coursera.org/learn/modern-world-2/lecture/rtuBE/the-weary-establishment
34,43,0,the third world,the end of the cold war,https://www.coursera.org/learn/modern-world-2/lecture/2Pcqj/the-third-world,https://www.coursera.org/learn/modern-world-2/lecture/nDYXg/the-end-of-the-cold-war
34,45,0,the third world,toward a new era in world history,https://www.coursera.org/learn/modern-world-2/lecture/2Pcqj/the-third-world,https://www.coursera.org/learn/modern-world-2/lecture/8LMac/toward-a-new-era-in-world-history
34,50,0,the third world,the global and the local,https://www.coursera.org/learn/modern-world-2/lecture/2Pcqj/the-third-world,https://www.coursera.org/learn/modern-world-2/lecture/7evOd/the-global-and-the-local
34,51,0,the third world,an age of transition,https://www.coursera.org/learn/modern-world-2/lecture/2Pcqj/the-third-world,https://www.coursera.org/learn/modern-world-2/lecture/2LHxa/an-age-of-transition
35,36,1,to the brink,wars of containment,https://www.coursera.org/learn/modern-world-2/lecture/x3FDe/to-the-brink,https://www.coursera.org/learn/modern-world-2/lecture/ioucd/wars-of-containment
35,38,1,to the brink,the weary establishment,https://www.coursera.org/learn/modern-world-2/lecture/x3FDe/to-the-brink,https://www.coursera.org/learn/modern-world-2/lecture/rtuBE/the-weary-establishment
35,43,1,to the brink,the end of the cold war,https://www.coursera.org/learn/modern-world-2/lecture/x3FDe/to-the-brink,https://www.coursera.org/learn/modern-world-2/lecture/nDYXg/the-end-of-the-cold-war
35,45,0,to the brink,toward a new era in world history,https://www.coursera.org/learn/modern-world-2/lecture/x3FDe/to-the-brink,https://www.coursera.org/learn/modern-world-2/lecture/8LMac/toward-a-new-era-in-world-history
35,50,0,to the brink,the global and the local,https://www.coursera.org/learn/modern-world-2/lecture/x3FDe/to-the-brink,https://www.coursera.org/learn/modern-world-2/lecture/7evOd/the-global-and-the-local
35,51,0,to the brink,an age of transition,https://www.coursera.org/learn/modern-world-2/lecture/x3FDe/to-the-brink,https://www.coursera.org/learn/modern-world-2/lecture/2LHxa/an-age-of-transition
36,43,1,wars of containment,the end of the cold war,https://www.coursera.org/learn/modern-world-2/lecture/ioucd/wars-of-containment,https://www.coursera.org/learn/modern-world-2/lecture/nDYXg/the-end-of-the-cold-war
36,45,0,wars of containment,toward a new era in world history,https://www.coursera.org/learn/modern-world-2/lecture/ioucd/wars-of-containment,https://www.coursera.org/learn/modern-world-2/lecture/8LMac/toward-a-new-era-in-world-history
36,50,0,wars of containment,the global and the local,https://www.coursera.org/learn/modern-world-2/lecture/ioucd/wars-of-containment,https://www.coursera.org/learn/modern-world-2/lecture/7evOd/the-global-and-the-local
36,51,0,wars of containment,an age of transition,https://www.coursera.org/learn/modern-world-2/lecture/ioucd/wars-of-containment,https://www.coursera.org/learn/modern-world-2/lecture/2LHxa/an-age-of-transition
38,45,0,the weary establishment,toward a new era in world history,https://www.coursera.org/learn/modern-world-2/lecture/rtuBE/the-weary-establishment,https://www.coursera.org/learn/modern-world-2/lecture/8LMac/toward-a-new-era-in-world-history
38,50,1,the weary establishment,the global and the local,https://www.coursera.org/learn/modern-world-2/lecture/rtuBE/the-weary-establishment,https://www.coursera.org/learn/modern-world-2/lecture/7evOd/the-global-and-the-local
38,51,0,the weary establishment,an age of transition,https://www.coursera.org/learn/modern-world-2/lecture/rtuBE/the-weary-establishment,https://www.coursera.org/learn/modern-world-2/lecture/2LHxa/an-age-of-transition
43,45,1,the end of the cold war,toward a new era in world history,https://www.coursera.org/learn/modern-world-2/lecture/nDYXg/the-end-of-the-cold-war,https://www.coursera.org/learn/modern-world-2/lecture/8LMac/toward-a-new-era-in-world-history
43,50,0,the end of the cold war,the global and the local,https://www.coursera.org/learn/modern-world-2/lecture/nDYXg/the-end-of-the-cold-war,https://www.coursera.org/learn/modern-world-2/lecture/7evOd/the-global-and-the-local
43,51,0,the end of the cold war,an age of transition,https://www.coursera.org/learn/modern-world-2/lecture/nDYXg/the-end-of-the-cold-war,https://www.coursera.org/learn/modern-world-2/lecture/2LHxa/an-age-of-transition
45,50,1,toward a new era in world history,the global and the local,https://www.coursera.org/learn/modern-world-2/lecture/8LMac/toward-a-new-era-in-world-history,https://www.coursera.org/learn/modern-world-2/lecture/7evOd/the-global-and-the-local
45,51,1,toward a new era in world history,an age of transition,https://www.coursera.org/learn/modern-world-2/lecture/8LMac/toward-a-new-era-in-world-history,https://www.coursera.org/learn/modern-world-2/lecture/2LHxa/an-age-of-transition
